respondent_id,duration_seconds,batch,Q2_job_seeking,Q3_ai_experience,Q3_ai_exp_binary,Q8_manip_check,Q9_1_legitimacy,Q9_2_intention_apply,Q9_3_intention_withdraw,Q9_gap_apply_minus_legit,flag_straightline_rating,flag_always_same_side,flag_manip_fail,Age,Sex,Ethnicity simplified,Country of residence,Employment status,Student status
1,561,last_pilot,Yes,Yes,1,Varied,4,4,2,0,0,0,0,42,Male,White,United States,Full-Time,No
2,323,last_pilot,Yes,Yes,1,Varied,2,2,4,0,0,0,0,50,Female,Prefer not to say,United States,Part-Time,No
3,362,last_pilot,Yes,Yes,1,Varied,4,4,2,0,0,0,0,47,Male,Black,United States,Unemployed (and job seeking),No
4,376,last_pilot,Yes,Yes,1,Varied,4,4,1,0,0,0,0,40,Female,Black,United States,Unemployed (and job seeking),No
5,402,last_pilot,Yes,Yes,1,Varied,4,4,2,0,0,0,0,43,Female,Black,United States,Due to start a new job within the next month,No
6,208,last_pilot,Yes,Yes,1,Stayed the same,1,1,5,0,0,0,1,37,Female,Other,United States,Full-Time,Yes
7,173,last_pilot,Yes,Yes,1,Varied,4,4,4,0,0,0,0,59,Male,White,United States,Unemployed (and job seeking),No
8,155,last_pilot,Yes,Yes,1,Varied,1,1,5,0,0,0,0,32,Female,Mixed,United States,Part-Time,No
9,279,last_pilot,Yes,No,0,Varied,5,5,1,0,0,0,0,19,Female,Mixed,United States,Unemployed (and job seeking),No
10,177,last_pilot,Yes,No,0,Varied,2,3,2,1,0,0,0,48,Female,White,United States,Full-Time,No
11,715,last_pilot,Yes,Yes,1,Varied,2,3,1,1,0,0,0,27,Male,Mixed,United States,Unemployed (and job seeking),No
12,605,last_pilot,Yes,Yes,1,Stayed the same,3,4,2,1,0,0,1,22,Male,Black,United States,Unemployed (and job seeking),Yes
13,1061,last_pilot,Yes,Yes,1,Varied,3,2,4,-1,0,0,0,42,Female,Black,United States,Unemployed (and job seeking),No
14,477,last_pilot,Yes,Yes,1,Varied,2,2,4,0,0,0,0,19,Male,Black,United States,Unemployed (and job seeking),Yes
15,288,last_pilot,Yes,Yes,1,Varied,3,2,3,-1,0,0,0,24,Male,Asian,United States,Due to start a new job within the next month,No
16,915,last_pilot,Yes,Yes,1,Varied,3,4,2,1,0,0,0,60,Male,White,United States,Due to start a new job within the next month,No
17,157,last_pilot,Yes,Yes,1,Varied,1,1,5,0,0,0,0,32,Female,White,United States,"Not in paid work (e.g. homemaker', 'retired or disabled)",No
18,461,last_pilot,Yes,Yes,1,Varied,2,4,2,2,0,0,0,36,Male,White,United States,"Not in paid work (e.g. homemaker', 'retired or disabled)",No
19,309,last_pilot,Yes,Yes,1,Varied,1,1,4,0,0,0,0,27,Male,Mixed,United States,Full-Time,Yes
20,178,last_pilot,Yes,Not sure,0,Varied,3,3,2,0,0,0,0,28,Female,White,United States,Other,No
21,256,last_pilot,Yes,Yes,1,Varied,4,2,4,-2,0,0,0,61,Female,White,United States,Unemployed (and job seeking),No
22,461,last_pilot,Yes,No,0,Stayed the same,4,4,2,0,0,0,1,56,Female,Black,United States,Unemployed (and job seeking),No
23,391,last_pilot,Yes,Yes,1,Varied,5,5,1,0,0,0,0,30,Male,Other,United States,Full-Time,No
24,175,last_pilot,Yes,Yes,1,Varied,4,4,2,0,0,0,0,40,Male,Mixed,United States,Full-Time,Yes
25,815,last_pilot,Yes,Yes,1,Varied,3,2,4,-1,0,0,0,51,Male,Black,United States,Full-Time,No
26,383,last_pilot,Yes,Yes,1,Varied,3,3,4,0,0,0,0,37,Male,White,United States,Unemployed (and job seeking),No
27,325,last_pilot,Yes,Yes,1,Varied,1,4,1,3,0,0,0,46,Female,White,United States,Part-Time,No
28,363,last_pilot,Yes,No,0,Stayed the same,2,2,2,0,0,0,1,33,Male,White,United States,Unemployed (and job seeking),No
29,215,last_pilot,Yes,Not sure,0,Varied,3,3,2,0,0,0,0,36,Female,Other,United States,Unemployed (and job seeking),No
30,490,last_pilot,Yes,Yes,1,Varied,4,4,2,0,0,0,0,39,Female,White,United States,Unemployed (and job seeking),No
31,163,last_pilot,Yes,Not sure,0,Varied,2,2,3,0,0,0,0,43,Male,White,United States,Part-Time,No
32,289,last_pilot,Yes,Not sure,0,Varied,3,3,2,0,0,0,0,36,Male,White,United States,Unemployed (and job seeking),No
33,331,last_pilot,Yes,Yes,1,Varied,1,2,4,1,0,0,0,44,Female,Prefer not to say,United States,Full-Time,No
34,296,last_pilot,Yes,Yes,1,Varied,3,3,2,0,0,0,0,34,Male,White,United States,Unemployed (and job seeking),No
35,212,last_pilot,Yes,Yes,1,Varied,1,1,4,0,1,0,0,21,Female,Mixed,United States,Unemployed (and job seeking),Yes
36,227,last_pilot,Yes,Not sure,0,Varied,4,3,3,-1,0,0,0,21,Female,Mixed,United States,Unemployed (and job seeking),Yes
37,268,last_pilot,Yes,Yes,1,Varied,3,2,4,-1,0,0,0,19,Female,White,United States,Unemployed (and job seeking),Yes
38,371,last_pilot,Yes,Not sure,0,Varied,4,4,2,0,0,0,0,26,Male,White,United States,Unemployed (and job seeking),No
39,930,last_pilot,Yes,Yes,1,Varied,3,3,5,0,0,0,0,43,Male,White,United States,Full-Time,No
40,353,last_pilot,Yes,Yes,1,Varied,4,4,2,0,0,0,0,50,Female,White,United States,Unemployed (and job seeking),No
41,434,last_pilot,Yes,No,0,Varied,4,4,2,0,0,0,0,30,Female,White,United States,Part-Time,No
42,250,last_pilot,Yes,Yes,1,Varied,1,2,2,1,0,0,0,32,Male,White,United States,Full-Time,No
43,382,last_pilot,Yes,No,0,Varied,3,4,2,1,0,0,0,21,Male,Black,United States,Full-Time,Yes
44,248,last_pilot,Yes,No,0,Varied,4,4,1,0,0,0,0,49,Male,White,United States,Other,No
45,192,last_pilot,Yes,Yes,1,Varied,3,4,2,1,0,0,0,51,Male,White,United States,Unemployed (and job seeking),No
46,245,last_pilot,Yes,Yes,1,Varied,4,3,1,-1,0,0,0,38,Male,Black,United States,Part-Time,No
47,281,last_pilot,Yes,Yes,1,Varied,2,4,2,2,0,0,0,52,Female,White,United States,Full-Time,No
48,141,last_pilot,Yes,Yes,1,Varied,2,2,1,0,0,0,0,21,Female,Asian,United States,Part-Time,Yes
49,240,last_pilot,Yes,Not sure,0,Varied,3,4,2,1,0,0,0,42,Female,White,United States,Full-Time,No
50,275,last_pilot,Yes,Yes,1,Varied,1,5,1,4,0,0,0,57,Female,White,United States,Other,No
51,436,last_pilot,Yes,No,0,Varied,1,1,5,0,0,0,0,30,Female,White,United States,Unemployed (and job seeking),No
52,215,last_pilot,Yes,Yes,1,Varied,2,4,2,2,0,0,0,26,Female,Asian,United States,Part-Time,No
53,172,last_pilot,Yes,Yes,1,Varied,2,2,4,0,0,0,0,42,Male,Asian,United States,Unemployed (and job seeking),No
54,350,last_pilot,Yes,Yes,1,Stayed the same,4,4,4,0,0,0,1,39,Male,White,United States,Unemployed (and job seeking),No
55,237,last_pilot,Yes,Yes,1,Not sure,4,4,2,0,0,0,1,42,Female,White,United States,Other,No
56,256,last_pilot,Yes,Yes,1,Varied,2,2,3,0,0,0,0,24,Female,Mixed,United States,Unemployed (and job seeking),No
57,194,last_pilot,Yes,Yes,1,Varied,2,3,2,1,0,0,0,39,Male,White,United States,Unemployed (and job seeking),No
58,500,last_pilot,Yes,No,0,Not sure,3,2,3,-1,0,0,1,49,Male,White,United States,Full-Time,No
59,155,last_pilot,Yes,Yes,1,Varied,2,2,3,0,0,0,0,34,Female,White,United States,Full-Time,No
60,318,last_pilot,Yes,Yes,1,Varied,2,4,1,2,0,0,0,38,Female,White,United States,Unemployed (and job seeking),Yes
61,232,last_pilot,Yes,No,0,Stayed the same,3,4,4,1,0,0,1,19,Female,Black,United States,Full-Time,Yes
62,284,last_pilot,Yes,Yes,1,Varied,4,4,1,0,0,0,0,62,Male,Black,United States,Unemployed (and job seeking),No
63,373,last_pilot,Yes,Yes,1,Varied,1,4,2,3,0,0,0,53,Male,White,United States,Full-Time,No
64,470,last_pilot,Yes,Yes,1,Varied,1,5,1,4,0,0,0,31,Male,White,United States,Unemployed (and job seeking),Yes
65,202,last_pilot,Yes,Yes,1,Varied,4,3,4,-1,0,0,0,23,Female,Black,United States,Part-Time,No
66,137,last_pilot,Yes,Yes,1,Varied,3,4,1,1,0,0,0,36,Male,White,United States,Unemployed (and job seeking),No
67,196,last_pilot,Yes,Yes,1,Varied,2,2,4,0,0,0,0,53,Female,White,United States,Full-Time,No
68,300,last_pilot,Yes,Yes,1,Varied,2,2,5,0,0,0,0,38,Male,Mixed,United States,Unemployed (and job seeking),No
69,467,last_pilot,Yes,Yes,1,Varied,1,1,5,0,0,0,0,28,Male,Black,United States,Unemployed (and job seeking),No
70,527,last_pilot,Yes,Yes,1,Varied,4,4,2,0,0,0,0,28,Male,White,United States,Full-Time,No
71,318,last_pilot,Yes,Not sure,0,Varied,4,4,2,0,0,0,0,58,Female,White,United States,Full-Time,No
72,196,last_pilot,Yes,No,0,Varied,4,5,2,1,0,0,0,22,Male,Black,United States,Part-Time,Yes
73,666,last_pilot,Yes,Yes,1,Varied,4,3,2,-1,0,0,0,51,Female,Black,United States,Part-Time,No
74,493,last_pilot,Yes,Yes,1,Stayed the same,5,5,5,0,0,0,1,38,Female,Black,United States,Full-Time,No
75,187,last_pilot,Yes,Yes,1,Varied,4,4,2,0,0,0,0,47,Male,White,United States,Unemployed (and job seeking),No
76,356,last_pilot,Yes,Yes,1,Varied,2,2,4,0,0,0,0,26,Male,White,United States,Full-Time,No
77,240,last_pilot,Yes,Yes,1,Stayed the same,4,3,3,-1,0,0,1,24,Male,White,United States,Full-Time,No
78,277,last_pilot,Yes,Yes,1,Varied,3,3,3,0,0,0,0,37,Male,White,United States,Part-Time,No
79,198,last_pilot,Yes,Yes,1,Varied,1,2,4,1,0,0,0,34,Female,White,United States,Full-Time,No
80,210,last_pilot,Yes,Yes,1,Varied,4,4,2,0,0,0,0,39,Male,White,United States,Part-Time,No
81,259,last_pilot,Yes,Yes,1,Not sure,4,4,1,0,0,0,1,19,Female,Black,United States,Part-Time,Yes
82,669,last_pilot,Yes,Yes,1,Varied,2,3,2,1,0,0,0,19,Female,White,United States,Unemployed (and job seeking),No
83,282,last_pilot,Yes,Yes,1,Varied,1,2,4,1,0,0,0,32,Male,Asian,United States,Full-Time,No
84,391,last_pilot,Yes,Not sure,0,Varied,4,4,2,0,0,0,0,60,Female,White,United States,Unemployed (and job seeking),No
85,182,last_pilot,Yes,Yes,1,Varied,2,4,2,2,0,0,0,25,Male,White,United States,Unemployed (and job seeking),No
86,389,last_pilot,Yes,Yes,1,Varied,4,3,2,-1,0,0,0,24,Female,Black,United States,Part-Time,No
87,385,last_pilot,Yes,No,0,Varied,4,4,2,0,0,0,0,36,Female,White,United States,Part-Time,No
88,177,last_pilot,Yes,Yes,1,Varied,1,1,5,0,0,0,0,36,Male,White,United States,Due to start a new job within the next month,No
89,209,last_pilot,Yes,Yes,1,Varied,1,3,3,2,1,0,0,36,Male,White,United States,Full-Time,No
90,179,last_pilot,Yes,Yes,1,Varied,2,2,4,0,0,0,0,58,Male,White,United States,Full-Time,No
91,402,last_pilot,Yes,Yes,1,Varied,4,4,2,0,0,0,0,32,Female,Black,United States,Part-Time,No
92,412,last_pilot,Yes,Yes,1,Varied,4,4,2,0,0,0,0,60,Female,White,United States,Full-Time,No
93,424,last_pilot,Yes,Yes,1,Varied,2,4,2,2,0,0,0,48,Female,White,United States,Full-Time,No
94,370,last_pilot,Yes,Yes,1,Varied,3,3,2,0,0,0,0,28,Female,White,United States,Unemployed (and job seeking),No
95,144,last_pilot,Yes,Yes,1,Varied,2,2,4,0,0,0,0,29,Male,Asian,United States,Unemployed (and job seeking),No
96,520,last_pilot,Yes,Yes,1,Varied,3,3,4,0,0,0,0,63,Female,Other,United States,Due to start a new job within the next month,No
97,334,last_pilot,Yes,Not sure,0,Varied,3,2,4,-1,0,0,0,29,Female,Asian,United States,Part-Time,No
98,299,last_pilot,Yes,Yes,1,Varied,2,2,4,0,0,0,0,35,Male,Mixed,United States,Unemployed (and job seeking),No
99,321,last_pilot,Yes,Yes,1,Varied,1,1,5,0,0,0,0,43,Female,Black,United States,Other,No
100,433,last_pilot,Yes,Not sure,0,Varied,3,3,2,0,0,0,0,29,Male,White,United States,Other,No
101,156,last_pilot,Yes,Yes,1,Varied,2,4,2,2,0,0,0,21,Female,Asian,United States,Unemployed (and job seeking),Yes
102,271,last_pilot,Yes,Yes,1,Varied,3,4,2,1,0,0,0,21,Male,Asian,United States,Part-Time,Yes
103,151,last_pilot,Yes,Yes,1,Varied,2,3,3,1,0,0,0,23,Male,White,United States,Due to start a new job within the next month,No
104,350,last_pilot,Yes,Yes,1,Varied,3,3,4,0,0,0,0,40,Female,Other,United States,Part-Time,No
105,208,last_pilot,Yes,Yes,1,Varied,4,4,2,0,0,0,0,37,Male,White,United States,Full-Time,Yes
106,259,last_pilot,Yes,Yes,1,Varied,2,3,2,1,0,0,0,42,Male,White,United States,Unemployed (and job seeking),No
107,170,last_pilot,Yes,Yes,1,Varied,2,3,2,1,0,0,0,36,Male,White,United States,Full-Time,No
108,229,last_pilot,Yes,Yes,1,Varied,2,3,2,1,0,0,0,44,Male,White,United States,Full-Time,No
109,309,last_pilot,Yes,Not sure,0,Varied,2,3,3,1,0,0,0,21,Male,White,United States,Part-Time,No
110,488,last_pilot,Yes,Yes,1,Varied,2,3,3,1,0,0,0,41,Female,White,United States,Unemployed (and job seeking),No
111,316,last_pilot,Yes,Yes,1,Varied,3,3,2,0,0,0,0,42,Male,Mixed,United States,Part-Time,No
112,384,last_pilot,Yes,Yes,1,Varied,2,2,3,0,0,0,0,51,Female,White,United States,Full-Time,No
113,116,last_pilot,Yes,Yes,1,Varied,3,4,1,1,0,0,0,32,Female,White,United States,Unemployed (and job seeking),No
114,331,last_pilot,Yes,Not sure,0,Varied,1,1,5,0,0,0,0,27,Male,Mixed,United States,Full-Time,Yes
115,495,last_pilot,Yes,Yes,1,Varied,3,3,2,0,0,0,0,42,Female,White,United States,DATA_EXPIRED,DATA_EXPIRED
116,336,last_pilot,Yes,Yes,1,Varied,3,4,2,1,0,0,0,29,Female,Mixed,United States,Full-Time,No
117,219,last_pilot,Yes,Yes,1,Varied,3,4,2,1,0,0,0,42,Male,White,United States,Unemployed (and job seeking),No
118,303,last_pilot,Yes,Yes,1,Varied,4,4,3,0,0,0,0,37,Male,White,United States,Part-Time,No
119,251,last_pilot,Yes,Yes,1,Varied,2,2,4,0,0,0,0,27,Female,Mixed,United States,Full-Time,No
120,621,last_pilot,Yes,Yes,1,Not sure,4,4,2,0,0,0,1,44,Male,White,United States,Part-Time,No
121,529,last_pilot,Yes,Not sure,0,Varied,4,4,2,0,0,0,0,35,Female,White,United States,Unemployed (and job seeking),No
122,228,last_pilot,Yes,Yes,1,Varied,3,4,2,1,0,0,0,41,Female,White,United States,Part-Time,No
123,378,last_pilot,Yes,No,0,Varied,3,2,3,-1,0,0,0,39,Female,Mixed,United States,Other,No
124,219,last_pilot,Yes,Yes,1,Varied,1,1,2,0,0,0,0,39,Male,White,United States,Part-Time,No
125,276,last_pilot,Yes,Yes,1,Varied,3,4,2,1,0,0,0,40,Male,White,United States,Unemployed (and job seeking),No
126,182,last_pilot,Yes,Yes,1,Varied,2,1,5,-1,0,0,0,21,Female,White,United States,Unemployed (and job seeking),No
127,589,last_pilot,Yes,Yes,1,Varied,4,5,1,1,0,0,0,35,Male,Black,United States,Part-Time,Yes
128,166,last_pilot,Yes,Yes,1,Varied,1,4,1,3,0,0,0,18,Male,Asian,United States,Unemployed (and job seeking),Yes
129,711,last_pilot,Yes,Yes,1,Varied,3,4,2,1,0,0,0,28,Male,Prefer not to say,United States,Other,Yes
130,446,last_pilot,Yes,Yes,1,Varied,4,4,4,0,0,0,0,53,Male,White,United States,Part-Time,No
131,614,last_pilot,Yes,Yes,1,Varied,3,3,1,0,0,0,0,57,Female,White,United States,Unemployed (and job seeking),No
132,181,last_pilot,Yes,Yes,1,Varied,4,5,2,1,0,0,0,27,Male,White,United States,Unemployed (and job seeking),No
133,374,last_pilot,Yes,Yes,1,Varied,4,4,2,0,0,0,0,25,Female,White,United States,Full-Time,No
134,259,last_pilot,Yes,Yes,1,Varied,3,4,3,1,0,0,0,30,Male,Other,United States,Other,No
135,246,last_pilot,Yes,Yes,1,Varied,2,1,5,-1,1,0,0,36,Female,Other,United States,Other,Yes
136,314,last_pilot,Yes,Yes,1,Varied,4,5,3,1,0,0,0,38,Female,White,United States,Full-Time,No
137,211,last_pilot,Yes,Yes,1,Varied,1,1,2,0,0,0,0,19,Female,Asian,United States,Unemployed (and job seeking),Yes
138,467,last_pilot,Yes,Yes,1,Varied,1,1,3,0,0,0,0,28,Female,Mixed,United States,DATA_EXPIRED,No
139,251,last_pilot,Yes,No,0,Stayed the same,4,4,2,0,1,0,1,58,Female,White,United States,Other,No
140,498,last_pilot,Yes,Yes,1,Varied,4,3,3,-1,0,0,0,32,Male,Other,United States,Other,No
141,273,last_pilot,Yes,Yes,1,Varied,4,4,1,0,0,0,0,47,Male,White,United States,Unemployed (and job seeking),No
142,205,last_pilot,Yes,Yes,1,Varied,4,4,2,0,0,0,0,56,Male,White,United States,"Not in paid work (e.g. homemaker', 'retired or disabled)",No
143,355,last_pilot,Yes,Yes,1,Varied,4,5,1,1,0,0,0,36,Female,Black,United States,Unemployed (and job seeking),No
144,310,last_pilot,Yes,Yes,1,Varied,1,4,2,3,0,0,0,31,Female,White,United States,Unemployed (and job seeking),No
145,1009,last_pilot,Yes,Yes,1,Varied,3,3,3,0,0,0,0,32,Male,Black,United States,Full-Time,No
146,346,last_pilot,Yes,Yes,1,Varied,4,4,2,0,0,0,0,27,Male,Asian,United States,Unemployed (and job seeking),No
147,193,last_pilot,Yes,Yes,1,Varied,3,4,1,1,0,0,0,46,Female,White,United States,Full-Time,No
148,303,last_pilot,Yes,Not sure,0,Varied,4,4,2,0,0,0,0,60,Female,White,United States,"Not in paid work (e.g. homemaker', 'retired or disabled)",No
149,588,last_pilot,Yes,Yes,1,Varied,4,3,3,-1,0,0,0,32,Male,Other,United States,Full-Time,No
150,150,last_pilot,Yes,Yes,1,Varied,4,4,2,0,0,0,0,33,Male,Asian,United States,"Not in paid work (e.g. homemaker', 'retired or disabled)",No
151,144,main_study,Yes,Yes,1,Varied,3,4,5,1,0,0,0,26,Female,Black,United States,Unemployed (and job seeking),No
152,285,main_study,Yes,Yes,1,Varied,3,3,2,0,0,0,0,52,Male,Black,United States,Unemployed (and job seeking),No
153,205,main_study,Yes,Yes,1,Varied,2,2,3,0,0,0,0,41,Male,White,United States,Unemployed (and job seeking),No
154,498,main_study,Yes,Yes,1,Varied,3,2,4,-1,0,0,0,34,Female,Other,United States,Unemployed (and job seeking),No
155,926,main_study,Yes,Yes,1,Varied,3,4,2,1,0,0,0,29,Female,Black,United States,Unemployed (and job seeking),No
156,246,main_study,Yes,Yes,1,Varied,2,4,2,2,0,0,0,46,Female,White,United States,Unemployed (and job seeking),No
157,573,main_study,Yes,Yes,1,Varied,4,4,2,0,0,0,0,45,Male,White,United States,Unemployed (and job seeking),No
158,167,main_study,Yes,Yes,1,Varied,1,4,3,3,0,0,0,30,Male,Prefer not to say,United States,Other,No
159,330,main_study,Yes,Yes,1,Varied,2,4,1,2,0,0,0,35,Male,White,United States,Full-Time,No
160,359,main_study,Yes,Yes,1,Varied,3,3,2,0,0,0,0,26,Male,White,United States,Unemployed (and job seeking),No
161,161,main_study,Yes,Yes,1,Varied,4,4,3,0,0,0,0,37,Male,Mixed,United States,Full-Time,No
162,407,main_study,Yes,Yes,1,Varied,3,4,2,1,0,0,0,34,Female,Other,United States,Unemployed (and job seeking),No
163,257,main_study,Yes,Yes,1,Varied,3,3,2,0,0,0,0,23,Female,Other,United States,Unemployed (and job seeking),Yes
164,175,main_study,Yes,Yes,1,Varied,4,3,3,-1,0,0,0,73,Female,White,United States,Part-Time,No
165,252,main_study,Yes,No,0,Varied,4,3,3,-1,0,0,0,60,Male,Black,United States,Unemployed (and job seeking),No
166,338,main_study,Yes,No,0,Varied,1,2,3,1,0,0,0,22,Female,Black,United States,Part-Time,No
167,344,main_study,Yes,Not sure,0,Varied,3,3,2,0,0,0,0,26,Female,White,United States,Unemployed (and job seeking),No
168,395,main_study,Yes,Yes,1,Varied,4,3,2,-1,0,0,0,39,Female,Other,United States,Due to start a new job within the next month,No
169,176,main_study,Yes,Yes,1,Varied,2,2,4,0,0,0,0,35,Male,White,United States,Unemployed (and job seeking),No
170,325,main_study,Yes,Yes,1,Varied,4,3,2,-1,0,0,0,40,Female,Asian,United States,Full-Time,No
171,235,main_study,Yes,No,0,Varied,2,3,2,1,0,0,0,20,Male,White,United States,Unemployed (and job seeking),Yes
172,223,main_study,Yes,No,0,Varied,2,4,1,2,0,0,0,45,Male,White,United States,Full-Time,No
173,240,main_study,Yes,Yes,1,Varied,3,3,3,0,0,0,0,18,Prefer not to say,Black,United States,Unemployed (and job seeking),Yes
174,124,main_study,Yes,Yes,1,Varied,4,5,2,1,0,0,0,23,Female,White,United States,Full-Time,Yes
175,483,main_study,Yes,Not sure,0,Varied,4,4,2,0,0,0,0,36,Female,Black,United States,Unemployed (and job seeking),Yes
176,278,main_study,Yes,Yes,1,Varied,4,5,1,1,0,0,0,41,Female,Black,United States,Due to start a new job within the next month,No
177,958,main_study,Yes,Yes,1,Varied,4,4,2,0,0,0,0,40,Male,Black,United States,Full-Time,Yes
178,458,main_study,Yes,Not sure,0,Varied,3,5,1,2,0,0,0,21,Female,White,United States,Unemployed (and job seeking),No
179,160,main_study,Yes,Yes,1,Varied,3,3,3,0,0,0,0,41,Female,White,United States,Full-Time,No
180,386,main_study,Yes,Yes,1,Varied,1,5,1,4,0,0,0,40,Male,Mixed,United States,Full-Time,No
181,289,main_study,Yes,Yes,1,Varied,4,4,2,0,0,0,0,53,Male,Black,United States,Part-Time,No
182,360,main_study,Yes,Yes,1,Varied,3,3,1,0,0,0,0,42,Male,Black,United States,Unemployed (and job seeking),No
183,397,main_study,Yes,Yes,1,Varied,3,2,2,-1,0,0,0,44,Male,Black,United States,Unemployed (and job seeking),No
184,126,main_study,Yes,Yes,1,Varied,2,4,2,2,0,0,0,35,Male,White,United States,Unemployed (and job seeking),No
185,863,main_study,Yes,Yes,1,Varied,4,4,1,0,0,0,0,36,Female,Black,United States,Full-Time,No
186,219,main_study,Yes,Yes,1,Varied,3,5,1,2,0,0,0,51,Male,Asian,United States,Unemployed (and job seeking),No
187,216,main_study,Yes,Yes,1,Varied,4,4,2,0,0,0,0,44,Male,White,United States,Full-Time,No
188,387,main_study,Yes,Yes,1,Varied,3,4,2,1,0,0,0,44,Male,White,United States,Full-Time,No
189,342,main_study,Yes,Yes,1,Varied,2,3,3,1,0,0,0,48,Male,White,United States,Unemployed (and job seeking),No
190,268,main_study,Yes,Yes,1,Varied,3,4,2,1,0,0,0,39,Female,White,United States,Unemployed (and job seeking),No
191,554,main_study,Yes,Yes,1,Varied,2,3,4,1,0,0,0,48,Female,Black,United States,Part-Time,Yes
192,422,main_study,Yes,No,0,Varied,3,2,4,-1,0,0,0,50,Male,White,United States,Full-Time,No
193,146,main_study,Yes,No,0,Varied,3,4,2,1,0,0,0,33,Female,White,United States,Full-Time,No
194,277,main_study,Yes,Yes,1,Varied,2,2,4,0,0,0,0,48,Male,White,United States,Unemployed (and job seeking),No
195,628,main_study,Yes,Yes,1,Varied,4,5,1,1,0,0,0,56,Male,Prefer not to say,United States,Unemployed (and job seeking),No
196,296,main_study,Yes,No,0,Varied,2,2,4,0,0,0,0,32,Female,White,United States,Full-Time,DATA_EXPIRED
197,336,main_study,Yes,Yes,1,Stayed the same,3,4,2,1,0,0,1,24,DATA_EXPIRED,Prefer not to say,United States,Unemployed (and job seeking),Yes
198,165,main_study,Yes,No,0,Varied,2,2,4,0,0,0,0,25,Female,Asian,United States,DATA_EXPIRED,No
199,568,main_study,Yes,Yes,1,Varied,5,4,2,-1,0,0,0,39,Male,White,United States,Unemployed (and job seeking),No
200,104,main_study,Yes,Yes,1,Varied,4,4,2,0,0,0,0,35,Male,Asian,United States,Full-Time,No
201,293,main_study,Yes,Yes,1,Varied,1,1,5,0,0,0,0,58,Female,White,United States,Unemployed (and job seeking),No
202,340,main_study,Yes,Yes,1,Varied,5,5,1,0,0,0,0,28,Male,Black,United States,Part-Time,No
203,206,main_study,Yes,Yes,1,Varied,4,3,3,-1,0,0,0,26,Male,Prefer not to say,United States,Part-Time,No
204,546,main_study,Yes,Yes,1,Varied,3,2,3,-1,0,0,0,38,Female,Asian,United States,Other,No
205,317,main_study,Yes,No,0,Varied,2,2,3,0,0,0,0,34,Female,White,United States,Full-Time,Yes
206,319,main_study,Yes,Yes,1,Varied,3,4,2,1,0,0,0,42,Male,Black,United States,Part-Time,No
207,216,main_study,Yes,Yes,1,Varied,3,3,3,0,0,0,0,30,Male,White,United States,Full-Time,No
208,206,main_study,Yes,Yes,1,Varied,2,4,2,2,1,0,0,43,Female,White,United States,Part-Time,No
209,338,main_study,Yes,Yes,1,Varied,3,4,2,1,0,0,0,45,Female,Black,United States,Other,Yes
210,225,main_study,Yes,Yes,1,Varied,2,2,4,0,0,0,0,26,Male,White,United States,Full-Time,Yes
211,280,main_study,Yes,No,0,Varied,4,5,2,1,0,0,0,56,Male,Black,United States,Full-Time,No
212,171,main_study,Yes,Not sure,0,Varied,3,3,3,0,0,0,0,26,Female,White,United States,Unemployed (and job seeking),No
213,316,main_study,Yes,Not sure,0,Varied,5,3,3,-2,0,0,0,18,Male,White,United States,Unemployed (and job seeking),No
214,437,main_study,Yes,Not sure,0,Varied,2,3,3,1,0,0,0,61,Female,White,United States,Full-Time,No
215,384,main_study,Yes,Yes,1,Varied,4,4,2,0,0,0,0,27,Female,Black,United States,Unemployed (and job seeking),Yes
216,443,main_study,Yes,Yes,1,Varied,1,1,2,0,0,0,0,33,Male,White,United States,Unemployed (and job seeking),No
217,584,main_study,Yes,Yes,1,Varied,3,4,2,1,0,0,0,39,Male,White,United States,Part-Time,No
218,127,main_study,Yes,Yes,1,Varied,4,4,5,0,0,0,0,27,Female,Black,United States,Part-Time,No
219,460,main_study,Yes,Yes,1,Varied,3,4,2,1,0,0,0,38,Male,Other,United States,Part-Time,No
220,351,main_study,Yes,Yes,1,Varied,1,3,2,2,0,0,0,37,Male,White,United States,Full-Time,Yes
221,219,main_study,Yes,Yes,1,Varied,3,3,3,0,0,0,0,35,Male,Asian,United States,Unemployed (and job seeking),No
222,342,main_study,Yes,Not sure,0,Varied,3,4,2,1,0,0,0,33,Male,Mixed,United States,Unemployed (and job seeking),No
223,213,main_study,Yes,Yes,1,Varied,1,3,3,2,1,0,0,43,Male,Prefer not to say,United States,Unemployed (and job seeking),No
224,419,main_study,Yes,Yes,1,Varied,2,2,3,0,0,0,0,27,Male,Black,United States,Part-Time,No
225,165,main_study,Yes,Yes,1,Varied,1,1,2,0,0,0,0,30,Female,White,United States,Part-Time,No
226,275,main_study,Yes,Yes,1,Varied,2,4,3,2,0,0,0,55,Female,White,United States,Due to start a new job within the next month,No
227,175,main_study,Yes,Yes,1,Varied,4,4,1,0,0,0,0,34,Female,White,United States,Full-Time,No
228,448,main_study,Yes,Yes,1,Varied,2,2,3,0,0,0,0,34,Female,White,United States,Full-Time,Yes
229,213,main_study,Yes,Yes,1,Not sure,2,4,2,2,0,0,1,54,Female,White,United States,Part-Time,No
230,131,main_study,Yes,No,0,Varied,1,1,5,0,0,0,0,44,Female,Black,United States,Unemployed (and job seeking),No
231,255,main_study,Yes,Yes,1,Varied,4,4,4,0,0,0,0,31,Male,Black,United States,Full-Time,No
232,139,main_study,Yes,Yes,1,Varied,3,3,3,0,0,0,0,40,Male,White,United States,Full-Time,No
233,583,main_study,Yes,Yes,1,Varied,2,4,2,2,0,0,0,35,Male,White,United States,Unemployed (and job seeking),No
234,147,main_study,Yes,Not sure,0,Varied,5,5,1,0,1,0,0,41,Male,White,United States,Unemployed (and job seeking),No
235,303,main_study,Yes,Yes,1,Varied,1,1,2,0,0,0,0,46,Female,White,United States,"Not in paid work (e.g. homemaker', 'retired or disabled)",No
236,294,main_study,Yes,Yes,1,Varied,1,1,5,0,1,0,0,55,Female,Black,United States,"Not in paid work (e.g. homemaker', 'retired or disabled)",No
237,101,main_study,Yes,Not sure,0,Varied,4,3,2,-1,0,0,0,26,Male,Asian,United States,Full-Time,Yes
238,264,main_study,Yes,No,0,Varied,3,3,3,0,0,0,0,56,Female,Black,United States,"Not in paid work (e.g. homemaker', 'retired or disabled)",No
239,482,main_study,Yes,Yes,1,Varied,4,4,1,0,0,0,0,35,Male,Black,United States,Full-Time,No
240,290,main_study,Yes,Yes,1,Stayed the same,1,1,5,0,1,0,1,57,Female,White,United States,Unemployed (and job seeking),No
241,298,main_study,Yes,Yes,1,Varied,4,4,2,0,0,0,0,61,Female,White,United States,Full-Time,No
242,242,main_study,Yes,Yes,1,Varied,2,4,3,2,0,0,0,20,Female,White,United States,Full-Time,Yes
243,309,main_study,Yes,Not sure,0,Varied,3,4,2,1,0,1,0,38,Female,Asian,United States,Unemployed (and job seeking),No
244,78,main_study,Yes,Yes,1,Varied,5,4,4,-1,0,0,0,48,Male,Mixed,United States,Due to start a new job within the next month,Yes
245,290,main_study,Yes,Yes,1,Varied,4,4,5,0,0,0,0,30,Female,Other,United States,Full-Time,Yes
246,200,main_study,Yes,Yes,1,Varied,4,4,2,0,0,0,0,29,Male,White,United States,Unemployed (and job seeking),No
247,131,main_study,Yes,Yes,1,Varied,3,4,1,1,0,0,0,27,Male,Asian,United States,Unemployed (and job seeking),No
248,239,main_study,Yes,Yes,1,Varied,1,3,3,2,0,0,0,30,Female,Asian,United States,Part-Time,No
249,343,main_study,Yes,Yes,1,Varied,2,3,2,1,0,0,0,20,Female,Black,United States,Part-Time,No
250,203,main_study,Yes,Yes,1,Stayed the same,3,3,2,0,0,0,1,25,Female,Black,United States,Due to start a new job within the next month,No
251,247,main_study,Yes,Yes,1,Stayed the same,2,3,1,1,0,0,1,34,Female,White,United States,Part-Time,No
252,320,main_study,Yes,Not sure,0,Varied,1,3,3,2,0,0,0,63,Male,White,United States,Unemployed (and job seeking),No
253,243,main_study,Yes,Yes,1,Varied,1,4,2,3,0,0,0,28,Male,White,United States,Unemployed (and job seeking),No
254,557,main_study,Yes,Yes,1,Varied,2,3,3,1,0,0,0,48,Female,Prefer not to say,United States,Unemployed (and job seeking),No
255,359,main_study,Yes,Yes,1,Varied,2,3,2,1,0,0,0,46,Female,Mixed,United States,Unemployed (and job seeking),No
256,147,main_study,Yes,Yes,1,Varied,2,4,2,2,0,0,0,22,Male,White,United States,Unemployed (and job seeking),Yes
257,408,main_study,Yes,Yes,1,Varied,4,4,2,0,0,0,0,51,Female,White,United States,Part-Time,No
258,236,main_study,Yes,Yes,1,Varied,4,4,1,0,0,0,0,43,Male,White,United States,Part-Time,No
259,117,main_study,Yes,Yes,1,Varied,2,3,4,1,0,0,0,33,Female,White,United States,Unemployed (and job seeking),Yes
260,210,main_study,Yes,Yes,1,Varied,1,1,4,0,0,0,0,37,Female,White,United States,Other,No
261,307,main_study,Yes,Yes,1,Varied,1,1,4,0,0,0,0,36,Female,White,United States,Full-Time,No
262,154,main_study,Yes,Yes,1,Varied,2,1,5,-1,0,0,0,38,Female,Mixed,United States,"Not in paid work (e.g. homemaker', 'retired or disabled)",No
263,390,main_study,Yes,Yes,1,Varied,2,3,2,1,0,0,0,52,Female,White,United States,Unemployed (and job seeking),No
264,566,main_study,Yes,Yes,1,Varied,3,4,1,1,0,0,0,60,Female,Other,United States,Other,No
265,140,main_study,Yes,Yes,1,Varied,4,4,2,0,0,0,0,29,Female,Asian,United States,Unemployed (and job seeking),No
266,240,main_study,Yes,Yes,1,Varied,4,5,2,1,0,0,0,38,Male,White,United States,Full-Time,No
267,289,main_study,Yes,Yes,1,Varied,2,4,5,2,0,0,0,32,Male,White,United States,Full-Time,No
268,121,main_study,Yes,Not sure,0,Varied,3,3,3,0,0,1,0,22,Male,Other,United States,Unemployed (and job seeking),No
269,280,main_study,Yes,Yes,1,Varied,2,3,3,1,0,0,0,34,Female,Asian,United States,"Not in paid work (e.g. homemaker', 'retired or disabled)",No
270,422,main_study,Yes,Yes,1,Varied,4,4,2,0,0,0,0,34,Male,White,United States,Full-Time,No
271,378,main_study,Yes,No,0,Varied,3,3,3,0,0,0,0,27,Male,Mixed,United States,Full-Time,No
272,140,main_study,Yes,Yes,1,Varied,1,4,3,3,0,0,0,19,Male,Asian,United States,Part-Time,Yes
273,567,main_study,Yes,Yes,1,Varied,2,3,3,1,0,0,0,50,Female,Black,United States,Part-Time,No
274,335,main_study,Yes,No,0,Varied,4,3,3,-1,0,0,0,32,Male,White,United States,Full-Time,No
275,580,main_study,Yes,Yes,1,Varied,2,3,3,1,0,0,0,33,Female,White,United States,Full-Time,No
276,535,main_study,Yes,Yes,1,Varied,3,4,1,1,0,0,0,38,Male,Black,United States,Other,No
277,224,main_study,Yes,Yes,1,Varied,3,3,2,0,0,0,0,26,Female,White,United States,Unemployed (and job seeking),Yes
278,149,main_study,Yes,Yes,1,Varied,1,1,1,0,0,0,0,48,Female,White,United States,Part-Time,No
279,176,main_study,Yes,No,0,Varied,1,1,5,0,0,0,0,40,Male,White,United States,Other,No
280,295,main_study,Yes,Yes,1,Varied,5,5,1,0,0,0,0,52,Male,Mixed,United States,Other,No
281,435,main_study,Yes,Yes,1,Varied,1,3,3,2,0,0,0,49,Female,White,United States,Unemployed (and job seeking),No
282,527,main_study,Yes,Yes,1,Varied,1,3,3,2,0,0,0,39,Male,Black,United States,Part-Time,No
283,242,main_study,Yes,No,0,Varied,5,5,1,0,0,0,0,53,Female,White,United States,"Not in paid work (e.g. homemaker', 'retired or disabled)",No
284,432,main_study,Yes,Yes,1,Stayed the same,3,4,2,1,0,0,1,33,Female,White,United States,Unemployed (and job seeking),No
285,309,main_study,Yes,Yes,1,Varied,3,4,3,1,0,0,0,37,Female,White,United States,Part-Time,Yes
286,235,main_study,Yes,Yes,1,Varied,1,3,2,2,0,0,0,29,Female,White,United States,Full-Time,No
287,208,main_study,Yes,Yes,1,Varied,5,4,1,-1,0,0,0,20,Male,Mixed,United States,Full-Time,Yes
288,106,main_study,Yes,Not sure,0,Varied,4,4,2,0,0,0,0,35,Female,White,United States,Full-Time,No
289,373,main_study,Yes,Yes,1,Varied,4,4,2,0,0,0,0,39,Female,Asian,United States,Full-Time,No
290,753,main_study,Yes,Yes,1,Varied,3,2,4,-1,0,0,0,22,Male,Black,United States,Unemployed (and job seeking),No
291,314,main_study,Yes,Yes,1,Varied,4,4,2,0,0,0,0,50,Female,Black,United States,Unemployed (and job seeking),No
292,777,main_study,Yes,Yes,1,Varied,4,5,1,1,0,0,0,46,Male,White,United States,Full-Time,No
293,161,main_study,Yes,No,0,Varied,4,4,2,0,0,0,0,56,Male,White,United States,Full-Time,No
294,142,main_study,Yes,Yes,1,Varied,3,3,3,0,0,0,0,32,Female,Black,United States,Full-Time,No
295,163,main_study,Yes,Not sure,0,Not sure,3,4,3,1,0,0,1,34,Female,White,United States,Full-Time,Yes
296,199,main_study,Yes,Yes,1,Varied,3,4,2,1,0,0,0,28,Male,White,United States,Unemployed (and job seeking),No
297,265,main_study,Yes,Yes,1,Varied,2,2,4,0,0,0,0,55,Female,White,United States,Part-Time,No
298,395,main_study,Yes,Yes,1,Varied,4,4,2,0,0,0,0,40,Female,White,United States,Due to start a new job within the next month,No
299,289,main_study,Yes,Yes,1,Varied,2,2,2,0,0,0,0,46,Male,White,United States,Unemployed (and job seeking),Yes
300,407,main_study,Yes,Not sure,0,Not sure,3,4,4,1,0,0,1,74,Female,Other,United States,Unemployed (and job seeking),No
301,484,main_study,Yes,Not sure,0,Varied,3,2,1,-1,0,0,0,24,Female,Black,United States,Unemployed (and job seeking),No
302,195,main_study,Yes,Yes,1,Varied,2,1,5,-1,0,0,0,64,Female,White,United States,Full-Time,No
303,882,main_study,Yes,Yes,1,Varied,4,4,1,0,0,0,0,54,Male,White,United States,Part-Time,Yes
304,242,main_study,Yes,No,0,Varied,3,3,4,0,0,0,0,35,Female,White,United States,Full-Time,Yes
305,228,main_study,Yes,Yes,1,Varied,3,2,2,-1,0,0,0,21,Male,White,United States,Part-Time,Yes
306,288,main_study,Yes,Yes,1,Varied,3,4,2,1,0,0,0,53,Male,White,United States,Unemployed (and job seeking),No
307,351,main_study,Yes,Yes,1,Varied,4,4,2,0,0,0,0,32,Male,White,United States,Full-Time,Yes
308,149,main_study,Yes,Yes,1,Varied,4,4,1,0,0,0,0,31,Female,Black,United States,Unemployed (and job seeking),No
309,342,main_study,Yes,Yes,1,Varied,4,4,2,0,0,0,0,40,Male,White,United States,"Not in paid work (e.g. homemaker', 'retired or disabled)",No
310,247,main_study,Yes,Yes,1,Varied,3,4,2,1,0,0,0,43,Male,Mixed,United States,Unemployed (and job seeking),No
311,452,main_study,Yes,Yes,1,Varied,2,3,2,1,0,0,0,39,Female,White,United States,Unemployed (and job seeking),No
312,324,main_study,Yes,Yes,1,Varied,1,1,5,0,0,0,0,29,Female,Mixed,United States,Unemployed (and job seeking),No
313,477,main_study,Yes,Yes,1,Varied,4,5,1,1,0,0,0,31,Female,Mixed,United States,Part-Time,No
314,151,main_study,Yes,Yes,1,Varied,2,4,2,2,1,0,0,45,Male,White,United States,Part-Time,No
315,121,main_study,Yes,Not sure,0,Varied,3,2,4,-1,0,0,0,53,Female,White,United States,Part-Time,Yes
316,280,main_study,Yes,Yes,1,Varied,4,4,2,0,0,0,0,30,Female,Black,United States,Unemployed (and job seeking),No
317,296,main_study,Yes,Yes,1,Varied,4,4,2,0,0,0,0,29,Female,White,United States,Full-Time,No
318,472,main_study,Yes,Not sure,0,Varied,3,3,3,0,0,0,0,35,Female,White,United States,Unemployed (and job seeking),No
319,327,main_study,Yes,Yes,1,Varied,4,4,4,0,0,0,0,51,Male,Mixed,United States,Other,No
320,410,main_study,Yes,Yes,1,Varied,3,4,1,1,0,0,0,19,Male,White,United States,Part-Time,Yes
321,429,main_study,Yes,Not sure,0,Varied,4,4,1,0,0,0,0,35,Female,White,United States,Full-Time,Yes
322,402,main_study,Yes,Yes,1,Varied,1,1,1,0,0,0,0,47,Female,Mixed,United States,Part-Time,No
323,328,main_study,Yes,Yes,1,Stayed the same,4,4,3,0,0,0,1,29,Male,White,United States,Unemployed (and job seeking),No
324,202,main_study,Yes,No,0,Varied,2,3,3,1,0,0,0,33,Female,White,United States,"Not in paid work (e.g. homemaker', 'retired or disabled)",No
325,137,main_study,Yes,Yes,1,Varied,3,2,4,-1,0,0,0,28,Female,Asian,United States,Unemployed (and job seeking),No
326,972,main_study,Yes,Yes,1,Varied,4,5,1,1,0,0,0,41,Male,Prefer not to say,United States,Unemployed (and job seeking),No
327,184,main_study,Yes,Yes,1,Varied,1,3,4,2,0,0,0,33,Male,White,United States,Full-Time,Yes
328,186,main_study,Yes,Yes,1,Varied,2,3,3,1,0,0,0,24,Male,White,United States,Unemployed (and job seeking),Yes
329,197,main_study,Yes,Yes,1,Varied,1,2,4,1,0,0,0,26,Male,White,United States,Full-Time,No
330,199,main_study,Yes,Yes,1,Varied,3,3,3,0,0,0,0,31,Male,Mixed,United States,Unemployed (and job seeking),No
331,238,main_study,Yes,Yes,1,Not sure,3,4,2,1,0,0,1,53,Female,White,United States,Unemployed (and job seeking),No
332,614,main_study,Yes,Yes,1,Varied,3,3,3,0,0,0,0,37,Female,White,United States,Full-Time,No
333,490,main_study,Yes,Not sure,0,Varied,3,3,3,0,0,0,0,53,Male,Asian,United States,Full-Time,No
334,227,main_study,Yes,No,0,Varied,4,3,1,-1,0,0,0,27,Female,White,United States,Full-Time,No
335,304,main_study,Yes,Yes,1,Varied,2,3,3,1,0,0,0,52,Male,White,United States,Unemployed (and job seeking),No
336,408,main_study,Yes,Yes,1,Varied,4,4,2,0,0,0,0,29,Female,Mixed,United States,Unemployed (and job seeking),No
337,120,main_study,Yes,Yes,1,Varied,4,4,1,0,0,0,0,39,Female,Mixed,United States,Full-Time,Yes
338,382,main_study,Yes,Yes,1,Varied,3,4,3,1,0,0,0,39,Male,Asian,United States,Other,No
339,1366,main_study,Yes,Yes,1,Varied,4,4,2,0,0,0,0,41,Male,White,United States,Due to start a new job within the next month,Yes
340,245,main_study,Yes,Yes,1,Varied,1,2,4,1,0,0,0,18,Female,White,United States,Unemployed (and job seeking),Yes
341,195,main_study,Yes,Yes,1,Varied,1,1,5,0,0,0,0,52,Male,White,United States,Full-Time,No
342,370,main_study,Yes,Yes,1,Varied,2,3,3,1,0,0,0,50,Female,Asian,United States,"Not in paid work (e.g. homemaker', 'retired or disabled)",No
343,101,main_study,Yes,Not sure,0,Not sure,3,3,3,0,1,1,1,41,Female,White,United States,Unemployed (and job seeking),Yes
344,131,main_study,Yes,Not sure,0,Varied,4,4,2,0,0,0,0,29,Male,White,United States,Part-Time,No
345,217,main_study,Yes,Yes,1,Varied,3,3,3,0,0,0,0,29,Female,Black,United States,Due to start a new job within the next month,Yes
346,183,main_study,Yes,Yes,1,Not sure,3,4,1,1,0,0,1,46,Female,Mixed,United States,Unemployed (and job seeking),No
347,80,main_study,Yes,Yes,1,Varied,4,2,3,-2,0,0,0,18,Male,Asian,United States,Unemployed (and job seeking),Yes
348,189,main_study,Yes,Not sure,0,Varied,1,3,2,2,0,0,0,26,Male,White,United States,Unemployed (and job seeking),No
349,244,main_study,Yes,Yes,1,Varied,2,4,2,2,0,0,0,58,Female,White,United States,Full-Time,No
350,710,main_study,Yes,Yes,1,Stayed the same,1,1,5,0,0,0,1,42,Male,Prefer not to say,United States,Due to start a new job within the next month,No
351,367,main_study,Yes,Yes,1,Varied,2,2,4,0,0,0,0,23,Female,Black,United States,DATA_EXPIRED,No
352,548,main_study,Yes,Yes,1,Varied,4,4,2,0,0,0,0,25,Male,Asian,United States,Full-Time,Yes
353,202,main_study,Yes,Yes,1,Varied,1,4,1,3,0,0,0,23,Male,White,United States,Full-Time,No
354,126,main_study,Yes,Yes,1,Varied,2,5,1,3,1,0,0,25,Female,White,United States,"Not in paid work (e.g. homemaker', 'retired or disabled)",No
355,951,main_study,Yes,Yes,1,Varied,2,3,2,1,0,0,0,22,Female,Black,United States,Full-Time,No
356,273,main_study,Yes,Yes,1,Varied,4,4,2,0,0,0,0,58,Female,White,United States,Full-Time,No
357,152,main_study,Yes,Yes,1,Varied,3,2,3,-1,0,0,0,40,Male,White,United States,Full-Time,No
358,288,main_study,Yes,Yes,1,Not sure,3,3,2,0,0,0,1,32,Female,White,United States,Due to start a new job within the next month,No
359,480,main_study,Yes,Not sure,0,Varied,4,3,2,-1,0,0,0,67,Female,Asian,United States,Other,No
360,832,main_study,Yes,Yes,1,Not sure,3,3,3,0,0,0,1,56,Female,Black,United States,Full-Time,No
361,355,main_study,Yes,Yes,1,Varied,4,4,2,0,0,0,0,44,Female,White,United States,Full-Time,No
362,369,main_study,Yes,Yes,1,Varied,5,5,1,0,0,0,0,39,Male,Other,United States,Full-Time,No
363,175,main_study,Yes,Yes,1,Stayed the same,4,4,2,0,0,0,1,34,Female,White,United States,Full-Time,No
364,401,main_study,Yes,Not sure,0,Varied,3,4,2,1,0,0,0,39,Female,White,United States,Other,No
365,215,main_study,Yes,Yes,1,Varied,2,2,5,0,0,0,0,30,Female,Mixed,United States,Part-Time,Yes
366,159,main_study,Yes,Yes,1,Varied,3,4,2,1,0,0,0,54,Male,White,United States,"Not in paid work (e.g. homemaker', 'retired or disabled)",No
367,384,main_study,Yes,Yes,1,Varied,3,3,3,0,0,0,0,26,Female,Prefer not to say,United States,Unemployed (and job seeking),No
368,206,main_study,Yes,Yes,1,Varied,3,4,3,1,0,0,0,37,Male,White,United States,DATA_EXPIRED,DATA_EXPIRED
369,191,main_study,Yes,Yes,1,Varied,4,4,2,0,0,0,0,60,Male,White,United States,Full-Time,No
370,327,main_study,Yes,Yes,1,Varied,1,1,2,0,0,0,0,38,Male,White,United States,Unemployed (and job seeking),No
371,149,main_study,Yes,Not sure,0,Varied,4,4,2,0,0,0,0,19,Female,Black,United States,Unemployed (and job seeking),Yes
372,794,main_study,Yes,Yes,1,Varied,4,4,4,0,0,0,0,45,Female,Black,United States,Unemployed (and job seeking),No
373,247,main_study,Yes,Yes,1,Varied,4,4,1,0,0,0,0,33,Male,Other,United States,Due to start a new job within the next month,No
374,212,main_study,Yes,Yes,1,Varied,2,3,4,1,0,0,0,29,Male,White,United States,"Not in paid work (e.g. homemaker', 'retired or disabled)",No
375,512,main_study,Yes,No,0,Varied,3,2,4,-1,0,0,0,26,Female,Black,United States,Unemployed (and job seeking),Yes
376,197,main_study,Yes,Yes,1,Varied,4,4,1,0,0,0,0,48,Female,White,United States,Full-Time,No
377,182,main_study,Yes,Yes,1,Varied,2,2,4,0,0,0,0,29,Male,White,United States,Full-Time,No
378,496,main_study,Yes,Yes,1,Varied,3,2,4,-1,0,0,0,65,Male,White,United States,Part-Time,No
379,153,main_study,Yes,Not sure,0,Not sure,3,4,4,1,0,0,1,38,Male,White,United States,Full-Time,DATA_EXPIRED
380,388,main_study,Yes,Yes,1,Varied,1,2,3,1,0,0,0,30,Male,Other,United States,Full-Time,No
381,250,main_study,Yes,Yes,1,Varied,4,4,2,0,0,0,0,47,Female,White,United States,Other,No
382,303,main_study,Yes,Not sure,0,Varied,1,1,4,0,0,0,0,23,Female,White,United States,Part-Time,No
383,170,main_study,Yes,Yes,1,Varied,1,1,5,0,0,0,0,26,Male,Black,United States,Full-Time,No
384,279,main_study,Yes,No,0,Varied,4,4,1,0,0,1,0,33,Female,Asian,United States,Part-Time,No
385,572,main_study,Yes,Yes,1,Varied,2,2,2,0,0,0,0,55,Female,Black,United States,Unemployed (and job seeking),No
386,209,main_study,Yes,Yes,1,Varied,2,4,2,2,0,0,0,48,Female,White,United States,Unemployed (and job seeking),No
387,271,main_study,Yes,Yes,1,Varied,2,2,4,0,0,0,0,34,Male,White,United States,Full-Time,No
388,802,main_study,Yes,Yes,1,Varied,4,4,2,0,0,0,0,21,Female,White,United States,Unemployed (and job seeking),No
389,357,main_study,Yes,Not sure,0,Varied,4,3,1,-1,0,0,0,57,Male,Black,United States,Unemployed (and job seeking),No
390,261,main_study,Yes,Yes,1,Varied,2,3,3,1,0,0,0,36,Female,White,United States,Unemployed (and job seeking),No
391,174,main_study,Yes,Yes,1,Varied,4,4,3,0,0,0,0,38,Female,White,United States,Due to start a new job within the next month,No
392,202,main_study,Yes,Yes,1,Varied,4,4,1,0,0,0,0,54,Male,Mixed,United States,Unemployed (and job seeking),No
393,446,main_study,Yes,Yes,1,Varied,4,5,1,1,0,0,0,39,Female,Black,United States,Full-Time,No
394,150,main_study,Yes,Yes,1,Varied,3,4,2,1,0,0,0,28,Male,White,United States,Part-Time,No
395,463,main_study,Yes,Not sure,0,Varied,3,2,3,-1,0,0,0,43,Female,Black,United States,Full-Time,No
396,180,main_study,Yes,Yes,1,Varied,3,1,4,-2,0,0,0,36,Female,White,United States,Full-Time,No
397,248,main_study,Yes,Yes,1,Stayed the same,1,3,2,2,0,0,1,31,Male,White,United States,Full-Time,No
398,166,main_study,Yes,Yes,1,Varied,2,3,3,1,0,0,0,37,Male,Mixed,United States,Full-Time,No
399,313,main_study,Yes,Yes,1,Varied,5,5,1,0,0,0,0,20,Female,Black,United States,Full-Time,No
400,148,main_study,Yes,Yes,1,Varied,3,4,2,1,0,0,0,36,Male,White,United States,Unemployed (and job seeking),No
401,221,main_study,Yes,Yes,1,Varied,2,4,2,2,0,0,0,45,Female,White,United States,Full-Time,No
402,119,main_study,Yes,Yes,1,Varied,1,5,1,4,1,0,0,44,Male,White,United States,Full-Time,No
403,2109,main_study,Yes,No,0,Varied,4,3,3,-1,0,0,0,25,Male,White,United States,Full-Time,No
404,139,main_study,Yes,Yes,1,Varied,1,1,5,0,0,0,0,28,Prefer not to say,White,United States,Part-Time,Yes
405,295,main_study,Yes,No,0,Varied,2,1,3,-1,0,0,0,32,Male,White,United States,Unemployed (and job seeking),Yes
406,573,main_study,Yes,Yes,1,Varied,4,4,2,0,0,0,0,43,Female,White,United States,Full-Time,No
407,95,main_study,Yes,Yes,1,Varied,1,1,5,0,0,0,0,35,Male,Black,United States,Full-Time,No
408,213,main_study,Yes,Yes,1,Varied,2,3,4,1,0,0,0,65,Male,White,United States,Due to start a new job within the next month,No
409,624,main_study,Yes,Yes,1,Stayed the same,3,4,3,1,0,0,1,22,Male,Black,United States,Unemployed (and job seeking),Yes
410,587,main_study,Yes,Yes,1,Varied,1,1,5,0,0,0,0,33,Female,White,United States,DATA_EXPIRED,No
411,325,main_study,Yes,Yes,1,Varied,2,2,3,0,0,0,0,58,Male,White,United States,Other,No
412,405,main_study,Yes,Yes,1,Varied,4,4,2,0,0,0,0,63,Male,White,United States,"Not in paid work (e.g. homemaker', 'retired or disabled)",No
413,221,main_study,Yes,Not sure,0,Varied,4,4,2,0,0,0,0,51,Female,White,United States,Other,No
414,303,main_study,Yes,Yes,1,Varied,5,5,1,0,0,0,0,19,Female,White,United States,"Not in paid work (e.g. homemaker', 'retired or disabled)",No
415,610,main_study,Yes,Yes,1,Varied,3,3,3,0,0,0,0,25,Female,White,United States,Unemployed (and job seeking),Yes
416,323,main_study,Yes,No,0,Varied,3,2,4,-1,0,0,0,65,Female,White,United States,Part-Time,No
417,222,main_study,Yes,Yes,1,Varied,1,1,3,0,0,0,0,23,Male,White,United States,Unemployed (and job seeking),Yes
418,169,main_study,Yes,Yes,1,Varied,1,1,5,0,0,0,0,38,Male,White,United States,Unemployed (and job seeking),No
419,117,main_study,Yes,Yes,1,Varied,3,2,3,-1,0,0,0,27,Male,White,United States,Full-Time,No
420,269,main_study,Yes,Yes,1,Stayed the same,3,4,3,1,0,0,1,20,Male,White,United States,Due to start a new job within the next month,Yes
421,407,main_study,Yes,Yes,1,Varied,2,2,4,0,0,0,0,33,Female,Black,United States,Unemployed (and job seeking),No
422,338,main_study,Yes,Yes,1,Varied,3,4,2,1,0,0,0,46,Female,White,United States,Unemployed (and job seeking),No
423,326,main_study,Yes,Not sure,0,Varied,3,3,3,0,0,0,0,38,Female,White,United States,"Not in paid work (e.g. homemaker', 'retired or disabled)",No
424,323,main_study,Yes,Yes,1,Varied,2,2,2,0,0,0,0,52,Female,White,United States,Part-Time,No
425,165,main_study,Yes,Yes,1,Varied,3,3,2,0,0,0,0,31,Female,Other,United States,Full-Time,No
426,209,main_study,Yes,Yes,1,Varied,3,4,2,1,0,0,0,34,Male,White,United States,Part-Time,No
427,312,main_study,Yes,Yes,1,Stayed the same,1,1,1,0,1,0,1,65,Male,White,United States,Full-Time,No
428,216,main_study,Yes,Yes,1,Varied,1,2,3,1,0,0,0,19,Female,White,United States,Part-Time,Yes
429,307,main_study,Yes,Not sure,0,Varied,2,3,2,1,0,0,0,32,Female,Asian,United States,Unemployed (and job seeking),No
430,411,main_study,Yes,Yes,1,Varied,4,4,3,0,0,0,0,44,Male,Black,United States,Full-Time,No
431,464,main_study,Yes,Not sure,0,Varied,3,3,3,0,0,0,0,59,Female,White,United States,Unemployed (and job seeking),No
432,258,main_study,Yes,No,0,Varied,3,2,4,-1,0,0,0,25,Female,White,United States,Unemployed (and job seeking),No
433,700,main_study,Yes,Yes,1,Varied,3,4,2,1,0,0,0,45,Female,Black,United States,Part-Time,No
434,219,main_study,Yes,Yes,1,Stayed the same,4,3,4,-1,0,0,1,42,Male,White,United States,"Not in paid work (e.g. homemaker', 'retired or disabled)",No
435,399,main_study,Yes,Yes,1,Varied,1,1,1,0,0,0,0,33,Female,White,United States,Part-Time,No
436,521,main_study,Yes,No,0,Varied,3,3,3,0,0,0,0,30,Female,Other,United States,Unemployed (and job seeking),No
437,141,main_study,Yes,Yes,1,Varied,2,3,3,1,0,0,0,26,Male,Other,United States,Unemployed (and job seeking),No
438,264,main_study,Yes,Yes,1,Varied,4,4,2,0,0,0,0,57,Female,White,United States,Part-Time,No
439,254,main_study,Yes,Yes,1,Varied,3,3,2,0,0,0,0,37,Male,Prefer not to say,United States,Part-Time,No
440,310,main_study,Yes,No,0,Varied,4,2,3,-2,0,0,0,45,Male,White,United States,Unemployed (and job seeking),No
441,246,main_study,Yes,Yes,1,Varied,4,3,3,-1,0,0,0,28,Male,Black,United States,Unemployed (and job seeking),Yes
442,227,main_study,Yes,Not sure,0,Varied,2,2,5,0,0,1,0,35,Female,Mixed,United States,Other,No
443,162,main_study,Yes,Yes,1,Varied,1,1,5,0,0,0,0,22,Female,Mixed,United States,Unemployed (and job seeking),No
444,230,main_study,Yes,Yes,1,Varied,4,4,2,0,0,0,0,35,Male,White,United States,Unemployed (and job seeking),Yes
445,154,main_study,Yes,Not sure,0,Varied,4,3,2,-1,1,0,0,52,Male,White,United States,Full-Time,No
446,270,main_study,Yes,Yes,1,Varied,1,3,2,2,1,0,0,41,Female,White,United States,Full-Time,No
447,187,main_study,Yes,No,0,Varied,1,1,5,0,1,0,0,19,Male,Black,United States,Unemployed (and job seeking),Yes
448,590,main_study,Yes,No,0,Varied,4,4,2,0,0,0,0,19,Male,Mixed,United States,Unemployed (and job seeking),No
449,167,main_study,Yes,Yes,1,Varied,1,4,2,3,0,0,0,34,Female,Other,United States,Unemployed (and job seeking),No
450,175,main_study,Yes,Yes,1,Varied,2,2,3,0,0,0,0,39,Female,Black,United States,"Not in paid work (e.g. homemaker', 'retired or disabled)",No
451,210,main_study,Yes,Yes,1,Stayed the same,2,3,2,1,0,0,1,21,Female,Mixed,United States,Part-Time,Yes
452,148,main_study,Yes,Yes,1,Varied,1,2,2,1,0,0,0,32,Male,Black,United States,Full-Time,Yes
453,787,main_study,Yes,Yes,1,Varied,2,4,1,2,0,0,0,45,Female,White,United States,Full-Time,No
454,194,main_study,Yes,Yes,1,Varied,3,4,2,1,0,0,0,22,Male,Black,United States,Unemployed (and job seeking),No
455,186,main_study,Yes,Yes,1,Varied,5,5,2,0,0,0,0,33,Male,White,United States,Full-Time,No
456,587,main_study,Yes,Yes,1,Varied,2,3,3,1,0,0,0,24,Male,Mixed,United States,Unemployed (and job seeking),Yes
457,434,main_study,Yes,Yes,1,Varied,2,2,3,0,0,0,0,36,Male,White,United States,Part-Time,Yes
458,285,main_study,Yes,Yes,1,Varied,4,4,2,0,0,0,0,39,Male,White,United States,Full-Time,No
459,338,main_study,Yes,Not sure,0,Varied,3,4,2,1,0,0,0,43,Female,Black,United States,Full-Time,No
460,209,main_study,Yes,Yes,1,Varied,3,4,2,1,0,0,0,30,Female,White,United States,Full-Time,Yes
461,115,main_study,Yes,Yes,1,Varied,1,1,5,0,0,0,0,30,Male,White,United States,Part-Time,No
462,140,main_study,Yes,No,0,Varied,2,4,2,2,0,0,0,35,Male,Black,United States,Unemployed (and job seeking),No
463,457,main_study,Yes,Yes,1,Varied,4,3,2,-1,0,0,0,52,Male,Prefer not to say,United States,Full-Time,No
464,274,main_study,Yes,Yes,1,Varied,3,3,2,0,0,0,0,30,Male,White,United States,Unemployed (and job seeking),No
465,239,main_study,Yes,Yes,1,Varied,4,4,2,0,0,0,0,51,Female,White,United States,Other,No
466,243,main_study,Yes,No,0,Varied,2,3,2,1,0,0,0,55,Male,White,United States,Other,No
467,223,main_study,Yes,Yes,1,Varied,3,4,1,1,0,0,0,44,Female,White,United States,Unemployed (and job seeking),No
468,194,main_study,Yes,No,0,Varied,3,3,3,0,0,0,0,32,Male,Black,United States,Unemployed (and job seeking),Yes
469,390,main_study,Yes,Yes,1,Varied,4,4,2,0,0,0,0,32,Female,White,United States,Other,No
470,137,main_study,Yes,Yes,1,Varied,2,2,4,0,0,0,0,29,Male,White,United States,Unemployed (and job seeking),No
471,174,main_study,Yes,Not sure,0,Varied,3,2,3,-1,0,0,0,32,Male,Asian,United States,Full-Time,No
472,317,main_study,Yes,Yes,1,Varied,3,3,3,0,0,0,0,40,Male,White,United States,Unemployed (and job seeking),No
473,235,main_study,Yes,Not sure,0,Varied,4,4,1,0,0,0,0,56,Male,White,United States,Part-Time,No
474,188,main_study,Yes,Yes,1,Varied,4,3,2,-1,0,0,0,29,Male,Black,United States,Full-Time,Yes
475,222,main_study,Yes,Yes,1,Varied,2,2,3,0,0,0,0,45,Male,Asian,United States,Part-Time,No
476,508,main_study,Yes,Yes,1,Varied,3,4,2,1,1,0,0,50,Female,White,United States,"Not in paid work (e.g. homemaker', 'retired or disabled)",No
477,292,main_study,Yes,Not sure,0,Varied,3,4,3,1,0,0,0,29,Male,White,United States,Full-Time,No
478,431,main_study,Yes,Yes,1,Not sure,3,2,4,-1,0,0,1,34,Female,Other,United States,"Not in paid work (e.g. homemaker', 'retired or disabled)",No
479,167,main_study,Yes,Yes,1,Varied,4,4,2,0,0,0,0,55,Male,White,United States,Full-Time,No
480,230,main_study,Yes,No,0,Varied,5,5,1,0,0,0,0,51,Male,White,United States,Full-Time,No
481,544,main_study,Yes,Yes,1,Varied,2,3,2,1,0,0,0,18,Male,Black,United States,Part-Time,Yes
482,244,main_study,Yes,Yes,1,Varied,1,1,3,0,0,0,0,38,Male,White,United States,Full-Time,No
483,184,main_study,Yes,Yes,1,Varied,3,3,2,0,0,0,0,26,Female,Black,United States,DATA_EXPIRED,DATA_EXPIRED
484,149,main_study,Yes,Yes,1,Varied,4,4,2,0,0,0,0,39,Female,Other,United States,Unemployed (and job seeking),No
485,528,main_study,Yes,Yes,1,Varied,4,5,1,1,0,0,0,30,Female,Black,United States,Unemployed (and job seeking),No
486,198,main_study,Yes,No,0,Varied,3,4,3,1,0,0,0,21,Female,Black,United States,Other,Yes
487,226,main_study,Yes,Yes,1,Varied,2,3,2,1,0,0,0,33,Female,Asian,United States,Part-Time,Yes
488,265,main_study,Yes,No,0,Varied,3,4,2,1,0,0,0,50,Female,White,United States,"Not in paid work (e.g. homemaker', 'retired or disabled)",No
489,619,main_study,Yes,No,0,Varied,2,3,3,1,0,0,0,53,Female,Black,United States,"Not in paid work (e.g. homemaker', 'retired or disabled)",No
490,218,main_study,Yes,Yes,1,Varied,2,2,3,0,0,0,0,30,Female,White,United States,Full-Time,No
491,359,main_study,Yes,Yes,1,Varied,4,4,2,0,0,0,0,30,Male,Mixed,United States,Unemployed (and job seeking),No
492,189,main_study,Yes,Yes,1,Varied,2,3,3,1,0,0,0,28,Female,Mixed,United States,Unemployed (and job seeking),No
493,224,main_study,Yes,No,0,Varied,4,4,3,0,0,0,0,42,Male,Mixed,United States,Full-Time,No
494,509,main_study,Yes,Yes,1,Varied,2,3,2,1,0,0,0,53,Female,White,United States,Unemployed (and job seeking),No
495,262,main_study,Yes,Yes,1,Varied,2,2,4,0,0,0,0,27,Female,Black,United States,Full-Time,No
496,1073,main_study,Yes,Yes,1,Varied,4,3,3,-1,0,0,0,26,Male,White,United States,Full-Time,No
497,216,main_study,Yes,Yes,1,Varied,2,4,2,2,0,0,0,56,Female,White,United States,Part-Time,No
498,338,main_study,Yes,Yes,1,Varied,4,4,2,0,0,0,0,48,Female,Black,United States,Full-Time,Yes
499,176,main_study,Yes,Yes,1,Varied,4,4,2,0,0,0,0,26,Female,White,United States,Unemployed (and job seeking),Yes
500,278,main_study,Yes,Not sure,0,Varied,4,3,2,-1,0,0,0,33,Female,White,United States,Unemployed (and job seeking),Yes
501,286,main_study,Yes,Yes,1,Varied,1,4,2,3,0,0,0,20,Female,Asian,United States,Unemployed (and job seeking),Yes
502,325,main_study,Yes,Yes,1,Varied,2,3,2,1,0,0,0,64,Female,White,United States,Part-Time,No
503,208,main_study,Yes,No,0,Varied,4,4,2,0,0,0,0,39,Female,Asian,United States,Unemployed (and job seeking),No
504,272,main_study,Yes,Yes,1,Varied,3,5,2,2,0,0,0,32,Male,White,United States,Full-Time,Yes
505,295,main_study,Yes,Yes,1,Varied,2,3,4,1,0,0,0,38,Male,Other,United States,Part-Time,No
506,292,main_study,Yes,No,0,Varied,2,4,2,2,0,0,0,48,Male,White,United States,Part-Time,No
507,418,main_study,Yes,Not sure,0,Varied,1,1,5,0,0,0,0,38,Male,Asian,United States,Full-Time,DATA_EXPIRED
508,341,main_study,Yes,Yes,1,Varied,3,4,5,1,0,0,0,19,Male,White,United States,Full-Time,Yes
509,290,main_study,Yes,Yes,1,Varied,4,4,3,0,0,0,0,22,Female,White,United States,Full-Time,No
510,290,main_study,Yes,Yes,1,Varied,2,3,2,1,0,0,0,24,Male,Black,United States,Unemployed (and job seeking),No
511,244,main_study,Yes,Yes,1,Varied,1,3,3,2,0,0,0,37,Female,White,United States,Unemployed (and job seeking),No
512,552,main_study,Yes,Yes,1,Varied,1,1,1,0,0,0,0,28,Male,Other,United States,Full-Time,Yes
513,284,main_study,Yes,Yes,1,Varied,2,4,2,2,0,0,0,53,Female,White,United States,Unemployed (and job seeking),No
514,227,main_study,Yes,Not sure,0,Varied,1,5,1,4,1,0,0,49,Female,White,United States,Full-Time,No
515,275,main_study,Yes,Not sure,0,Varied,3,3,3,0,0,0,0,43,Female,Black,United States,Unemployed (and job seeking),No
516,332,main_study,Yes,Yes,1,Varied,4,4,2,0,0,0,0,43,Male,White,United States,"Not in paid work (e.g. homemaker', 'retired or disabled)",No
517,471,main_study,Yes,Yes,1,Varied,2,2,5,0,0,0,0,19,Female,Black,United States,Full-Time,Yes
518,342,main_study,Yes,Yes,1,Varied,3,2,5,-1,0,0,0,60,Female,White,United States,Full-Time,No
519,240,main_study,Yes,Yes,1,Varied,2,3,3,1,0,0,0,35,Male,White,United States,Unemployed (and job seeking),Yes
520,368,main_study,Yes,Yes,1,Varied,4,4,2,0,0,0,0,52,Female,Black,United States,Full-Time,Yes
521,486,main_study,Yes,Yes,1,Varied,3,3,2,0,0,0,0,32,Female,Black,United States,Full-Time,Yes
522,167,main_study,Yes,Not sure,0,Varied,4,4,2,0,0,0,0,24,Female,Black,United States,Unemployed (and job seeking),No
523,183,main_study,Yes,Not sure,0,Stayed the same,1,2,4,1,0,0,1,35,Male,White,United States,Part-Time,No
524,562,main_study,Yes,Yes,1,Varied,3,4,3,1,0,0,0,19,Female,White,United States,Unemployed (and job seeking),Yes
525,343,main_study,Yes,Yes,1,Not sure,3,3,2,0,0,0,1,40,Female,Mixed,United States,Part-Time,No
526,182,main_study,Yes,Yes,1,Stayed the same,4,5,1,1,0,0,1,52,Female,White,United States,Full-Time,No
527,158,main_study,Yes,Yes,1,Varied,3,5,1,2,0,0,0,54,Female,Black,United States,Full-Time,Yes
528,188,main_study,Yes,Yes,1,Varied,3,3,3,0,0,0,0,19,Male,Asian,United States,Unemployed (and job seeking),Yes
529,223,main_study,Yes,Yes,1,Varied,3,3,2,0,0,0,0,40,Female,Asian,United States,Unemployed (and job seeking),Yes
530,156,main_study,Yes,Yes,1,Varied,4,5,1,1,0,0,0,30,Male,White,United States,Full-Time,No
531,326,main_study,Yes,Yes,1,Stayed the same,3,2,4,-1,0,0,1,35,Female,Asian,United States,Unemployed (and job seeking),No
532,154,main_study,Yes,Yes,1,Varied,3,3,2,0,0,0,0,28,Male,White,United States,Unemployed (and job seeking),Yes
533,279,main_study,Yes,No,0,Varied,3,3,2,0,0,0,0,53,Female,Black,United States,Unemployed (and job seeking),No
534,368,main_study,Yes,No,0,Varied,2,2,4,0,0,0,0,39,Female,Black,United States,Full-Time,No
535,350,main_study,Yes,Yes,1,Stayed the same,1,1,5,0,0,0,1,45,Male,White,United States,Full-Time,DATA_EXPIRED
536,188,main_study,Yes,No,0,Stayed the same,3,3,3,0,1,0,1,32,Male,White,United States,Unemployed (and job seeking),No
537,348,main_study,Yes,Yes,1,Varied,1,1,2,0,1,0,0,27,Female,White,United States,Full-Time,Yes
538,347,main_study,Yes,Yes,1,Varied,1,3,2,2,0,0,0,33,Female,Other,United States,Unemployed (and job seeking),No
539,932,main_study,Yes,No,0,Varied,4,4,2,0,0,0,0,43,Male,White,United States,Unemployed (and job seeking),No
540,368,main_study,Yes,Yes,1,Varied,4,4,2,0,0,0,0,22,Female,Black,United States,Part-Time,Yes
541,235,main_study,Yes,Yes,1,Varied,4,4,2,0,0,0,0,52,Male,Asian,United States,Part-Time,No
542,513,main_study,Yes,Yes,1,Varied,4,4,1,0,0,0,0,67,Male,White,United States,Full-Time,No
543,280,main_study,Yes,Yes,1,Varied,4,4,2,0,0,0,0,52,Female,Mixed,United States,Full-Time,No
544,333,main_study,Yes,Not sure,0,Varied,4,4,1,0,0,0,0,61,Male,White,United States,Full-Time,No
545,247,main_study,Yes,Yes,1,Varied,2,3,3,1,0,0,0,27,Male,White,United States,Unemployed (and job seeking),No
546,190,main_study,Yes,Yes,1,Varied,2,2,3,0,0,0,0,28,Male,White,United States,Full-Time,No
547,217,main_study,Yes,Yes,1,Varied,1,2,4,1,0,0,0,21,Female,Mixed,United States,Unemployed (and job seeking),Yes
548,250,main_study,Yes,Yes,1,Varied,4,4,5,0,0,0,0,22,Female,Black,United States,Full-Time,No
549,184,main_study,Yes,Yes,1,Varied,1,4,1,3,0,0,0,32,Male,White,United States,Unemployed (and job seeking),No
550,126,main_study,Yes,Yes,1,Varied,1,2,4,1,0,0,0,38,Male,White,United States,Full-Time,No
551,366,main_study,Yes,Yes,1,Varied,1,4,2,3,0,0,0,21,Female,White,United States,Part-Time,Yes
552,393,main_study,Yes,Yes,1,Varied,4,4,2,0,0,0,0,18,Female,White,United States,Unemployed (and job seeking),Yes
553,412,main_study,Yes,Yes,1,Varied,4,4,1,0,0,0,0,44,Female,Mixed,United States,Other,No
554,336,main_study,Yes,Not sure,0,Varied,2,4,2,2,0,0,0,22,Male,Mixed,United States,Unemployed (and job seeking),No
555,594,main_study,Yes,Not sure,0,Varied,4,3,2,-1,0,0,0,33,Female,Other,United States,Part-Time,No
556,178,main_study,Yes,No,0,Varied,3,3,3,0,0,0,0,40,Female,Black,United States,Full-Time,No
557,305,main_study,Yes,Not sure,0,Varied,4,3,2,-1,0,0,0,52,Female,White,United States,"Not in paid work (e.g. homemaker', 'retired or disabled)",No
558,257,main_study,Yes,Yes,1,Varied,3,4,2,1,0,0,0,43,Female,White,United States,Unemployed (and job seeking),No
559,422,main_study,Yes,Yes,1,Varied,2,4,1,2,0,0,0,25,Female,White,United States,Unemployed (and job seeking),No
560,176,main_study,Yes,Yes,1,Varied,2,3,3,1,0,0,0,27,Female,White,United States,Part-Time,No
561,267,main_study,Yes,No,0,Varied,4,3,2,-1,0,0,0,28,Male,Asian,United States,Part-Time,No
562,415,main_study,Yes,No,0,Varied,3,3,4,0,0,0,0,34,Male,Black,United States,Unemployed (and job seeking),No
563,773,main_study,Yes,Yes,1,Varied,3,2,4,-1,0,0,0,39,Female,Other,United States,Part-Time,No
564,162,main_study,Yes,Yes,1,Varied,2,2,4,0,0,0,0,30,Male,White,United States,Part-Time,Yes
565,161,main_study,Yes,No,0,Varied,2,4,2,2,0,0,0,56,Male,Asian,United States,Full-Time,No
566,229,main_study,Yes,Yes,1,Stayed the same,1,4,1,3,0,0,1,39,Female,Black,United States,Part-Time,No
567,318,main_study,Yes,No,0,Varied,2,1,5,-1,0,0,0,36,Female,White,United States,Other,No
568,207,main_study,Yes,Yes,1,Varied,3,4,2,1,0,0,0,35,Male,Mixed,United States,Other,Yes
569,285,main_study,Yes,Yes,1,Stayed the same,1,1,4,0,0,0,1,29,Female,Black,United States,Part-Time,DATA_EXPIRED
570,277,main_study,Yes,No,0,Varied,2,3,3,1,0,0,0,42,Female,Black,United States,DATA_EXPIRED,No
571,185,main_study,Yes,Not sure,0,Varied,4,4,1,0,0,0,0,48,Female,White,United States,Part-Time,No
572,275,main_study,Yes,Not sure,0,Varied,3,3,2,0,0,0,0,22,Female,White,United States,Unemployed (and job seeking),No
573,138,main_study,Yes,Yes,1,Varied,1,1,5,0,0,0,0,29,Female,White,United States,Part-Time,Yes
574,250,main_study,Yes,Yes,1,Varied,2,3,2,1,0,0,0,22,Male,Prefer not to say,United States,Unemployed (and job seeking),Yes
575,361,main_study,Yes,No,0,Varied,2,4,3,2,0,0,0,29,Female,White,United States,Part-Time,No
576,242,main_study,Yes,Not sure,0,Varied,4,4,2,0,0,0,0,22,Male,Asian,United States,Other,Yes
577,250,main_study,Yes,Yes,1,Varied,3,2,3,-1,0,0,0,35,Female,Mixed,United States,"Not in paid work (e.g. homemaker', 'retired or disabled)",No
578,251,main_study,Yes,Yes,1,Varied,2,3,2,1,0,0,0,29,Female,White,United States,Part-Time,No
579,185,main_study,Yes,Yes,1,Varied,2,5,1,3,0,0,0,32,Female,White,United States,Part-Time,No
580,218,main_study,Yes,Yes,1,Varied,5,5,1,0,0,0,0,43,Female,White,United States,Unemployed (and job seeking),Yes
581,193,main_study,Yes,Not sure,0,Varied,1,2,3,1,0,0,0,29,Male,White,United States,Unemployed (and job seeking),No
582,305,main_study,Yes,Not sure,0,Varied,3,4,2,1,0,0,0,44,Male,White,United States,Part-Time,No
583,484,main_study,Yes,Yes,1,Varied,4,4,2,0,0,0,0,20,Male,Black,United States,Unemployed (and job seeking),No
584,230,main_study,Yes,Yes,1,Varied,3,3,3,0,0,0,0,28,Male,White,United States,Unemployed (and job seeking),No
585,231,main_study,Yes,Yes,1,Varied,1,3,2,2,0,0,0,34,Female,Black,United States,Unemployed (and job seeking),No
586,231,main_study,Yes,Yes,1,Varied,2,1,5,-1,0,0,0,24,Male,White,United States,Unemployed (and job seeking),No
587,320,main_study,Yes,Yes,1,Varied,4,5,1,1,0,0,0,30,Female,Other,United States,Other,Yes
588,268,main_study,Yes,No,0,Varied,4,4,2,0,0,0,0,65,Male,White,United States,Unemployed (and job seeking),No
589,301,main_study,Yes,Yes,1,Varied,4,4,2,0,0,0,0,33,Male,White,United States,Full-Time,No
590,389,main_study,Yes,Yes,1,Varied,1,1,5,0,0,0,0,21,Female,White,United States,Full-Time,No
591,207,main_study,Yes,No,0,Varied,3,4,3,1,0,0,0,32,Female,Other,United States,Full-Time,No
592,277,main_study,Yes,Yes,1,Varied,2,4,2,2,0,0,0,21,Male,White,United States,Unemployed (and job seeking),No
593,210,main_study,Yes,Yes,1,Varied,2,4,1,2,0,0,0,24,Female,Other,United States,Full-Time,No
594,302,main_study,Yes,Yes,1,Varied,3,3,2,0,0,0,0,46,Female,White,United States,Full-Time,No
595,620,main_study,Yes,Yes,1,Varied,4,4,3,0,0,0,0,28,Male,Black,United States,Unemployed (and job seeking),No
596,160,main_study,Yes,No,0,Varied,4,4,1,0,0,0,0,48,Female,White,United States,"Not in paid work (e.g. homemaker', 'retired or disabled)",No
597,245,main_study,Yes,Yes,1,Varied,4,4,2,0,0,0,0,46,Male,White,United States,Full-Time,No
598,280,main_study,Yes,Yes,1,Varied,3,4,3,1,0,0,0,58,Male,Black,United States,Part-Time,Yes
599,278,main_study,Yes,No,0,Varied,3,4,2,1,0,0,0,45,Male,White,United States,Full-Time,No
600,240,main_study,Yes,Yes,1,Stayed the same,5,5,1,0,0,0,1,68,Male,Black,United States,Full-Time,No
601,233,main_study,Yes,Yes,1,Varied,4,4,1,0,0,0,0,46,Male,White,United States,Full-Time,No
602,327,main_study,Yes,Yes,1,Varied,3,3,2,0,0,0,0,52,Female,White,United States,Part-Time,Yes
603,380,main_study,Yes,Yes,1,Varied,2,3,3,1,0,0,0,21,Male,White,United States,Unemployed (and job seeking),No
604,218,main_study,Yes,No,0,Varied,3,2,4,-1,0,0,0,34,Female,White,United States,DATA_EXPIRED,No
605,85,main_study,Yes,Yes,1,Stayed the same,3,3,3,0,0,0,1,42,Female,Other,United States,Unemployed (and job seeking),No
606,204,main_study,Yes,Yes,1,Varied,3,4,1,1,0,0,0,36,Male,Asian,United States,Part-Time,No
607,215,main_study,Yes,No,0,Varied,4,4,2,0,0,0,0,54,Female,White,United States,"Not in paid work (e.g. homemaker', 'retired or disabled)",No
608,321,main_study,Yes,Yes,1,Varied,4,4,1,0,0,0,0,19,Female,Mixed,United States,Full-Time,Yes
609,363,main_study,Yes,Yes,1,Varied,1,3,3,2,0,0,0,37,Female,White,United States,Part-Time,No
610,273,main_study,Yes,Yes,1,Varied,3,3,2,0,0,0,0,26,Male,Asian,United States,Full-Time,No
611,164,main_study,Yes,Not sure,0,Varied,4,4,2,0,0,0,0,43,Female,White,United States,Full-Time,No
612,578,main_study,Yes,Yes,1,Varied,2,5,1,3,0,0,0,44,Male,White,United States,Unemployed (and job seeking),No
613,136,main_study,Yes,Yes,1,Varied,2,2,4,0,0,0,0,27,Female,White,United States,Unemployed (and job seeking),No
614,372,main_study,Yes,Yes,1,Varied,2,4,1,2,0,0,0,52,Female,White,United States,Full-Time,No
615,473,main_study,Yes,Yes,1,Varied,5,5,1,0,0,0,0,44,Female,White,United States,Full-Time,No
616,472,main_study,Yes,No,0,Varied,3,3,3,0,0,0,0,51,Male,Asian,United States,Part-Time,No
617,126,main_study,Yes,Yes,1,Varied,2,2,3,0,0,0,0,21,Male,Other,United States,Unemployed (and job seeking),Yes
618,629,main_study,Yes,Yes,1,Varied,4,3,3,-1,0,0,0,64,Female,White,United States,Full-Time,Yes
619,347,main_study,Yes,Yes,1,Varied,2,2,2,0,0,0,0,36,Female,Black,United States,"Not in paid work (e.g. homemaker', 'retired or disabled)",No
620,156,main_study,Yes,Yes,1,Varied,1,2,3,1,0,0,0,29,Female,White,United States,Unemployed (and job seeking),Yes
621,292,main_study,Yes,No,0,Varied,4,4,2,0,0,0,0,25,Male,Mixed,United States,Part-Time,Yes
622,290,main_study,Yes,Not sure,0,Varied,2,4,2,2,0,0,0,26,Male,White,United States,Full-Time,No
623,764,main_study,Yes,Yes,1,Varied,3,4,2,1,0,0,0,52,Female,Asian,United States,Unemployed (and job seeking),No
624,304,main_study,Yes,Yes,1,Varied,3,4,2,1,0,0,0,45,Male,White,United States,Unemployed (and job seeking),No
625,132,main_study,Yes,Yes,1,Varied,4,4,2,0,0,0,0,29,Female,White,United States,Part-Time,No
626,341,main_study,Yes,Yes,1,Varied,1,3,2,2,0,0,0,36,Male,White,United States,Part-Time,No
627,299,main_study,Yes,Not sure,0,Varied,3,3,2,0,0,0,0,45,Female,White,United States,DATA_EXPIRED,No
628,146,main_study,Yes,No,0,Varied,5,5,4,0,0,0,0,30,Female,White,United States,Part-Time,Yes
629,381,main_study,Yes,Yes,1,Varied,5,5,1,0,0,0,0,49,Male,White,United States,Full-Time,No
630,182,main_study,Yes,Yes,1,Varied,2,2,4,0,0,0,0,30,Male,Mixed,United States,Unemployed (and job seeking),No
631,361,main_study,Yes,Yes,1,Varied,3,2,3,-1,0,0,0,40,Female,Other,United States,Unemployed (and job seeking),No
632,279,main_study,Yes,Yes,1,Varied,3,4,2,1,0,0,0,22,Male,Mixed,United States,Unemployed (and job seeking),Yes
633,315,main_study,Yes,Yes,1,Varied,3,3,2,0,0,0,0,35,Female,Asian,United States,Unemployed (and job seeking),No
634,255,main_study,Yes,No,0,Varied,4,4,2,0,0,0,0,41,Male,Other,United States,"Not in paid work (e.g. homemaker', 'retired or disabled)",No
635,215,main_study,Yes,Yes,1,Varied,4,4,1,0,0,0,0,42,Female,Mixed,United States,Full-Time,No
636,222,main_study,Yes,Yes,1,Varied,1,1,5,0,0,0,0,23,Male,Asian,United States,Unemployed (and job seeking),Yes
637,170,main_study,Yes,Yes,1,Varied,3,3,3,0,0,0,0,27,Female,White,United States,Full-Time,No
638,169,main_study,Yes,Yes,1,Varied,4,4,2,0,0,0,0,22,Male,White,United States,Part-Time,Yes
639,393,main_study,Yes,Not sure,0,Varied,4,4,2,0,0,0,0,36,Female,White,United States,Full-Time,No
640,509,main_study,Yes,Yes,1,Varied,1,1,3,0,0,0,0,22,Female,White,United States,Part-Time,Yes
641,774,main_study,Yes,Yes,1,Varied,3,3,4,0,0,0,0,46,Female,Asian,United States,Part-Time,No
642,208,main_study,Yes,Yes,1,Varied,3,4,3,1,0,0,0,34,Male,White,United States,Full-Time,No
643,122,main_study,Yes,Yes,1,Varied,1,1,5,0,0,0,0,21,Male,White,United States,Part-Time,Yes
644,339,main_study,Yes,Yes,1,Varied,3,3,2,0,0,0,0,22,Female,Asian,United States,Unemployed (and job seeking),No
645,376,main_study,Yes,Yes,1,Varied,3,2,4,-1,0,0,0,29,Female,Asian,United States,Unemployed (and job seeking),No
646,242,main_study,Yes,Yes,1,Varied,1,1,5,0,0,0,0,27,Female,White,United States,Unemployed (and job seeking),No
647,248,main_study,Yes,Yes,1,Varied,1,3,3,2,0,0,0,53,Male,White,United States,Unemployed (and job seeking),No
648,817,main_study,Yes,Not sure,0,Varied,4,4,2,0,0,0,0,23,Male,Black,United States,Full-Time,No
649,316,main_study,Yes,Not sure,0,Varied,4,4,2,0,0,0,0,44,Female,Mixed,United States,"Not in paid work (e.g. homemaker', 'retired or disabled)",No
650,707,main_study,Yes,Yes,1,Varied,2,4,2,2,0,0,0,41,Female,White,United States,Unemployed (and job seeking),No
651,322,main_study,Yes,Yes,1,Varied,2,3,3,1,0,0,0,32,Male,White,United States,Full-Time,No
652,197,main_study,Yes,Yes,1,Varied,3,3,2,0,0,0,0,35,Female,Asian,United States,Unemployed (and job seeking),No
653,394,main_study,Yes,Yes,1,Varied,2,5,1,3,0,0,0,42,Male,White,United States,Unemployed (and job seeking),No
654,323,main_study,Yes,Yes,1,Varied,2,3,3,1,0,0,0,23,Female,White,United States,Unemployed (and job seeking),No
655,201,main_study,Yes,Yes,1,Varied,3,4,2,1,0,0,0,28,Female,White,United States,Due to start a new job within the next month,No
656,168,main_study,Yes,Yes,1,Varied,4,4,3,0,0,0,0,33,Male,Asian,United States,Full-Time,No
657,357,main_study,Yes,Yes,1,Varied,2,2,4,0,0,0,0,20,Male,Other,United States,Unemployed (and job seeking),No
658,278,main_study,Yes,Yes,1,Varied,1,1,5,0,0,0,0,26,Female,Mixed,United States,Unemployed (and job seeking),No
659,297,main_study,Yes,Not sure,0,Varied,3,2,3,-1,0,0,0,34,Female,White,United States,Part-Time,No
660,289,main_study,Yes,Yes,1,Varied,1,2,4,1,0,0,0,42,Male,White,United States,Full-Time,No
661,213,main_study,Yes,No,0,Varied,4,4,1,0,0,0,0,29,Male,White,United States,Part-Time,Yes
662,223,main_study,Yes,Yes,1,Varied,2,3,3,1,0,0,0,26,Male,White,United States,Unemployed (and job seeking),No
663,249,main_study,Yes,Yes,1,Varied,5,5,5,0,0,0,0,52,Male,Mixed,United States,Full-Time,No
664,467,main_study,Yes,Yes,1,Varied,4,4,1,0,0,0,0,56,Female,White,United States,Unemployed (and job seeking),No
665,355,main_study,Yes,No,0,Varied,4,4,2,0,0,0,0,44,Female,White,United States,"Not in paid work (e.g. homemaker', 'retired or disabled)",No
666,416,main_study,Yes,Yes,1,Varied,2,3,3,1,0,0,0,21,Female,Mixed,United States,Unemployed (and job seeking),Yes
667,249,main_study,Yes,Not sure,0,Varied,1,1,5,0,0,0,0,31,Male,Asian,United States,Part-Time,No
668,189,main_study,Yes,No,0,Not sure,4,3,3,-1,0,0,1,33,Female,Black,United States,"Not in paid work (e.g. homemaker', 'retired or disabled)",No
669,262,main_study,Yes,Yes,1,Varied,2,2,4,0,0,0,0,42,Female,Black,United States,Full-Time,No
670,502,main_study,Yes,Yes,1,Varied,2,2,3,0,0,0,0,34,Female,Prefer not to say,United States,Unemployed (and job seeking),Yes
671,295,main_study,Yes,Not sure,0,Varied,4,4,2,0,0,0,0,58,Female,White,United States,Part-Time,No
672,327,main_study,Yes,Yes,1,Varied,2,3,2,1,0,0,0,34,Female,White,United States,Unemployed (and job seeking),DATA_EXPIRED
673,323,main_study,Yes,Yes,1,Varied,4,1,1,-3,0,0,0,38,Male,White,United States,Unemployed (and job seeking),No
674,166,main_study,Yes,Not sure,0,Varied,3,4,3,1,0,0,0,18,Male,Other,United States,Part-Time,Yes
675,168,main_study,Yes,Yes,1,Varied,1,1,5,0,0,0,0,25,Female,White,United States,Unemployed (and job seeking),No
676,419,main_study,Yes,Yes,1,Stayed the same,2,4,2,2,0,0,1,53,Female,Black,United States,"Not in paid work (e.g. homemaker', 'retired or disabled)",No
677,617,main_study,Yes,Not sure,0,Varied,4,4,2,0,0,0,0,51,Male,White,United States,Unemployed (and job seeking),No
678,177,main_study,Yes,Yes,1,Varied,4,4,1,0,0,0,0,21,Male,White,United States,Unemployed (and job seeking),Yes
679,471,main_study,Yes,Yes,1,Varied,4,4,2,0,0,0,0,35,Female,White,United States,Unemployed (and job seeking),No
680,228,main_study,Yes,Yes,1,Varied,1,1,3,0,0,0,0,36,Female,Mixed,United States,Unemployed (and job seeking),No
681,426,main_study,Yes,Not sure,0,Varied,4,4,2,0,0,0,0,31,Male,White,United States,Unemployed (and job seeking),No
682,172,main_study,Yes,Yes,1,Varied,1,3,3,2,0,0,0,39,Female,White,United States,Unemployed (and job seeking),No
683,267,main_study,Yes,Yes,1,Varied,4,4,2,0,0,0,0,52,Female,White,United States,Unemployed (and job seeking),No
684,274,main_study,Yes,Yes,1,Varied,1,1,5,0,0,0,0,35,Female,White,United States,Unemployed (and job seeking),No
685,394,main_study,Yes,Yes,1,Varied,3,4,2,1,0,0,0,39,Male,White,United States,Full-Time,Yes
686,341,main_study,Yes,Yes,1,Varied,3,4,1,1,0,0,0,18,Male,White,United States,Unemployed (and job seeking),Yes
687,208,main_study,Yes,Not sure,0,Not sure,4,3,3,-1,0,0,1,35,Female,White,United States,Full-Time,Yes
688,879,main_study,Yes,Yes,1,Varied,2,2,4,0,0,0,0,38,Male,Asian,United States,Full-Time,Yes
689,330,main_study,Yes,Yes,1,Varied,3,3,1,0,0,0,0,29,Female,Asian,United States,Unemployed (and job seeking),No
690,510,main_study,Yes,Yes,1,Varied,4,4,2,0,0,0,0,48,Male,Black,United States,Full-Time,No
691,262,main_study,Yes,Yes,1,Stayed the same,1,1,5,0,0,0,1,46,Female,White,United States,Part-Time,No
692,527,main_study,Yes,Yes,1,Stayed the same,2,2,4,0,0,0,1,20,Male,Black,United States,Other,Yes
693,277,main_study,Yes,Yes,1,Varied,2,3,3,1,1,0,0,32,Female,White,United States,"Not in paid work (e.g. homemaker', 'retired or disabled)",No
694,107,main_study,Yes,Yes,1,Varied,1,1,1,0,0,0,0,29,Male,White,United States,Full-Time,No
695,242,main_study,Yes,Yes,1,Varied,3,3,2,0,0,0,0,32,Female,White,United States,Full-Time,No
696,722,main_study,Yes,Yes,1,Varied,1,2,2,1,1,0,0,27,Female,White,United States,Full-Time,No
697,306,main_study,Yes,Yes,1,Varied,2,3,2,1,0,0,0,18,Female,Mixed,United States,Unemployed (and job seeking),Yes
698,228,main_study,Yes,Yes,1,Varied,3,4,2,1,0,0,0,35,Female,White,United States,Unemployed (and job seeking),No
699,254,main_study,Yes,Yes,1,Varied,3,4,2,1,0,1,0,29,Male,White,United States,Part-Time,Yes
700,187,main_study,Yes,Yes,1,Varied,3,5,2,2,0,0,0,28,Female,White,United States,"Not in paid work (e.g. homemaker', 'retired or disabled)",No
701,333,main_study,Yes,Yes,1,Varied,3,4,2,1,0,0,0,54,Male,Other,United States,Full-Time,No
702,835,main_study,Yes,Yes,1,Varied,2,4,2,2,0,0,0,43,Female,Black,United States,Unemployed (and job seeking),No
703,165,main_study,Yes,Yes,1,Varied,1,3,3,2,0,0,0,32,Female,White,United States,Unemployed (and job seeking),No
704,670,main_study,Yes,No,0,Varied,1,2,4,1,0,0,0,29,Female,Prefer not to say,United States,Full-Time,Yes
705,539,main_study,Yes,Not sure,0,Varied,3,2,3,-1,0,0,0,51,Female,Asian,United States,Unemployed (and job seeking),No
706,451,main_study,Yes,Not sure,0,Varied,4,4,2,0,0,0,0,35,Male,Black,United States,DATA_EXPIRED,No
707,171,main_study,Yes,Yes,1,Varied,2,2,4,0,0,0,0,26,Male,White,United States,Unemployed (and job seeking),Yes
708,352,main_study,Yes,Yes,1,Varied,4,4,2,0,0,0,0,29,Male,Black,United States,Part-Time,Yes
709,148,main_study,Yes,Yes,1,Varied,1,4,2,3,0,0,0,23,Female,White,United States,Part-Time,Yes
710,434,main_study,Yes,No,0,Varied,4,4,2,0,0,0,0,49,Male,White,United States,Full-Time,No
711,269,main_study,Yes,Yes,1,Varied,4,5,1,1,0,0,0,33,Male,White,United States,Unemployed (and job seeking),No
712,405,main_study,Yes,No,0,Varied,4,4,1,0,0,0,0,73,Female,Black,United States,"Not in paid work (e.g. homemaker', 'retired or disabled)",No
713,445,main_study,Yes,Yes,1,Varied,4,4,2,0,0,0,0,22,Male,White,United States,Unemployed (and job seeking),No
714,365,main_study,Yes,Yes,1,Varied,4,3,2,-1,0,0,0,43,Female,Asian,United States,Full-Time,No
715,244,main_study,Yes,Yes,1,Stayed the same,2,1,5,-1,0,0,1,43,Male,White,United States,Unemployed (and job seeking),No
716,287,main_study,Yes,Yes,1,Varied,4,3,1,-1,0,0,0,20,Male,Black,United States,Full-Time,Yes
717,304,main_study,Yes,No,0,Varied,3,5,1,2,0,0,0,28,Female,White,United States,"Not in paid work (e.g. homemaker', 'retired or disabled)",No
718,251,main_study,Yes,Yes,1,Varied,1,1,1,0,0,0,0,32,Male,White,United States,Full-Time,No
719,283,main_study,Yes,Yes,1,Varied,2,4,2,2,0,0,0,51,Female,White,United States,Full-Time,Yes
720,301,main_study,Yes,Yes,1,Varied,3,3,2,0,0,0,0,42,Male,Black,United States,Full-Time,Yes
721,413,main_study,Yes,Yes,1,Varied,3,3,3,0,0,0,0,33,Male,Mixed,United States,Part-Time,No
722,374,main_study,Yes,Yes,1,Varied,1,3,2,2,0,0,0,25,Female,White,United States,Unemployed (and job seeking),No
723,376,main_study,Yes,No,0,Varied,4,3,2,-1,0,0,0,52,Male,Asian,United States,Unemployed (and job seeking),No
724,293,main_study,Yes,Yes,1,Varied,5,5,1,0,1,0,0,30,Male,White,United States,Unemployed (and job seeking),No
725,317,main_study,Yes,Yes,1,Varied,2,2,4,0,0,0,0,53,Female,White,United States,Unemployed (and job seeking),Yes
726,611,main_study,Yes,Yes,1,Varied,3,3,4,0,0,0,0,60,Female,White,United States,Full-Time,No
727,477,main_study,Yes,No,0,Stayed the same,3,3,3,0,0,0,1,34,Female,White,United States,Unemployed (and job seeking),No
728,689,main_study,Yes,No,0,Varied,4,4,2,0,0,0,0,41,Male,Mixed,United States,Unemployed (and job seeking),No
729,116,main_study,Yes,Yes,1,Varied,3,4,4,1,0,0,0,19,Male,White,United States,Unemployed (and job seeking),Yes
730,175,main_study,Yes,Yes,1,Varied,3,4,2,1,1,0,0,41,Male,White,United States,Unemployed (and job seeking),No
731,176,main_study,Yes,Yes,1,Varied,4,4,2,0,0,0,0,29,Male,White,United States,Unemployed (and job seeking),No
732,177,main_study,Yes,Yes,1,Varied,4,4,5,0,0,1,0,24,Female,Black,United States,Part-Time,No
733,237,main_study,Yes,Not sure,0,Varied,4,4,4,0,0,0,0,34,Female,Other,United States,Unemployed (and job seeking),No
734,173,main_study,Yes,Yes,1,Not sure,2,3,1,1,0,0,1,36,Female,White,United States,Full-Time,No
735,705,main_study,Yes,Yes,1,Varied,3,3,2,0,0,0,0,30,Female,Black,United States,Other,DATA_EXPIRED
736,344,main_study,Yes,Yes,1,Varied,1,1,5,0,1,0,0,38,Female,Prefer not to say,United States,Unemployed (and job seeking),No
737,419,main_study,Yes,Yes,1,Varied,1,1,5,0,0,0,0,37,Male,Black,United States,Part-Time,No
738,363,main_study,Yes,Yes,1,Stayed the same,5,5,1,0,0,0,1,27,Male,Mixed,United States,Unemployed (and job seeking),No
739,317,main_study,Yes,Yes,1,Varied,2,4,2,2,0,0,0,42,Male,White,United States,Full-Time,No
740,323,main_study,Yes,Yes,1,Varied,3,4,2,1,0,0,0,32,Female,Mixed,United States,Part-Time,No
741,739,main_study,Yes,Yes,1,Varied,2,3,3,1,0,0,0,59,Female,White,United States,Unemployed (and job seeking),No
742,702,main_study,Yes,Yes,1,Varied,4,4,2,0,0,0,0,37,Male,Asian,United States,Full-Time,Yes
743,199,main_study,Yes,Not sure,0,Varied,2,3,3,1,0,0,0,55,Male,White,United States,Full-Time,No
744,283,main_study,Yes,Yes,1,Varied,2,2,3,0,0,0,0,45,Female,Other,United States,Unemployed (and job seeking),No
745,214,main_study,Yes,Yes,1,Stayed the same,3,4,2,1,0,0,1,27,Female,Mixed,United States,Unemployed (and job seeking),No
746,216,main_study,Yes,Yes,1,Varied,1,3,3,2,0,0,0,38,Male,White,United States,Unemployed (and job seeking),No
747,272,main_study,Yes,Yes,1,Varied,2,4,2,2,0,0,0,30,Female,White,United States,"Not in paid work (e.g. homemaker', 'retired or disabled)",No
748,219,main_study,Yes,Yes,1,Varied,4,4,2,0,0,0,0,39,Female,White,United States,Full-Time,No
749,152,main_study,Yes,Yes,1,Varied,4,4,2,0,0,0,0,52,Female,White,United States,Part-Time,DATA_EXPIRED
750,407,main_study,Yes,No,0,Varied,3,3,3,0,1,0,0,29,Female,Black,United States,Full-Time,No
751,319,main_study,Yes,Not sure,0,Varied,4,3,2,-1,0,0,0,60,Female,White,United States,Full-Time,No
752,334,main_study,Yes,Yes,1,Varied,2,3,3,1,0,0,0,47,Female,White,United States,Full-Time,Yes
753,183,main_study,Yes,Yes,1,Varied,1,1,5,0,1,0,0,32,Female,White,United States,Unemployed (and job seeking),No
754,815,main_study,Yes,Yes,1,Varied,3,2,4,-1,0,0,0,46,Male,White,United States,Part-Time,No
755,279,main_study,Yes,Not sure,0,Varied,3,3,4,0,0,0,0,19,Female,White,United States,Part-Time,Yes
756,134,main_study,Yes,Yes,1,Varied,2,3,3,1,0,0,0,43,Male,White,United States,Unemployed (and job seeking),No
757,191,main_study,Yes,Yes,1,Varied,3,1,3,-2,0,0,0,20,Female,White,United States,Part-Time,Yes
758,517,main_study,Yes,Yes,1,Varied,2,1,3,-1,0,0,0,29,Male,White,United States,Unemployed (and job seeking),No
759,176,main_study,Yes,Yes,1,Varied,2,3,2,1,0,0,0,34,Female,White,United States,Unemployed (and job seeking),No
760,221,main_study,Yes,No,0,Varied,2,3,2,1,0,0,0,19,Female,Mixed,United States,Unemployed (and job seeking),Yes
761,216,main_study,Yes,Yes,1,Varied,3,4,2,1,0,0,0,48,Female,White,United States,Unemployed (and job seeking),No
762,181,main_study,Yes,Yes,1,Varied,2,2,4,0,0,0,0,28,Male,White,United States,Unemployed (and job seeking),No
763,183,main_study,Yes,No,0,Varied,3,3,3,0,0,0,0,43,Male,White,United States,Full-Time,Yes
764,262,main_study,Yes,Not sure,0,Varied,3,3,2,0,0,0,0,30,Female,White,United States,Full-Time,No
765,503,main_study,Yes,Not sure,0,Varied,3,3,2,0,0,0,0,31,Female,Mixed,United States,Unemployed (and job seeking),No
766,187,main_study,Yes,Yes,1,Varied,3,4,2,1,0,0,0,23,Female,DATA_EXPIRED,United States,Unemployed (and job seeking),Yes
767,258,main_study,Yes,Yes,1,Varied,3,3,3,0,0,0,0,66,Female,White,United States,Part-Time,No
768,202,main_study,Yes,Yes,1,Varied,4,4,2,0,0,0,0,41,Female,White,United States,Unemployed (and job seeking),No
769,254,main_study,Yes,Yes,1,Varied,4,5,2,1,0,0,0,44,Male,Black,United States,Part-Time,No
770,170,main_study,Yes,Not sure,0,Varied,2,2,3,0,0,0,0,20,Male,Asian,United States,Full-Time,Yes
771,275,main_study,Yes,Yes,1,Varied,1,1,5,0,0,0,0,43,Female,Asian,United States,Unemployed (and job seeking),No
772,120,main_study,Yes,Yes,1,Varied,4,5,1,1,0,0,0,52,Male,White,United States,Full-Time,DATA_EXPIRED
773,340,main_study,Yes,Yes,1,Varied,4,4,2,0,0,0,0,29,Male,Black,United States,Part-Time,Yes
774,238,main_study,Yes,Yes,1,Varied,4,2,3,-2,0,0,0,39,Male,White,United States,Full-Time,No
775,122,main_study,Yes,Yes,1,Varied,3,3,2,0,0,0,0,43,Male,White,United States,Full-Time,No
776,157,main_study,Yes,Yes,1,Varied,4,4,2,0,0,0,0,44,Male,Mixed,United States,Other,No
777,346,main_study,Yes,Yes,1,Varied,2,3,4,1,0,0,0,18,Male,Asian,United States,Unemployed (and job seeking),Yes
778,220,main_study,Yes,Not sure,0,Varied,4,4,2,0,0,0,0,41,Male,Black,United States,Unemployed (and job seeking),No
779,218,main_study,Yes,Yes,1,Varied,5,4,1,-1,0,0,0,30,Female,Asian,United States,Full-Time,No
780,243,main_study,Yes,Yes,1,Varied,2,3,3,1,0,0,0,38,Male,White,United States,Full-Time,No
781,308,main_study,Yes,Not sure,0,Varied,1,1,1,0,1,0,0,51,Female,White,United States,Unemployed (and job seeking),No
782,214,main_study,Yes,Yes,1,Varied,4,4,2,0,0,0,0,39,Male,White,United States,Other,Yes
783,292,main_study,Yes,Yes,1,Varied,4,5,2,1,0,0,0,32,Male,White,United States,Full-Time,Yes
784,327,main_study,Yes,No,0,Varied,4,5,1,1,0,0,0,48,Female,Black,United States,Part-Time,Yes
785,234,main_study,Yes,Not sure,0,Varied,2,2,3,0,0,0,0,29,Female,Other,United States,Full-Time,Yes
786,347,main_study,Yes,Yes,1,Varied,1,3,2,2,0,0,0,28,Female,Mixed,United States,Full-Time,No
787,617,main_study,Yes,Yes,1,Varied,2,3,3,1,0,0,0,26,Female,Black,United States,Unemployed (and job seeking),Yes
788,664,main_study,Yes,Yes,1,Not sure,3,2,4,-1,0,0,1,40,Female,Black,United States,Full-Time,Yes
789,234,main_study,Yes,Yes,1,Varied,3,4,2,1,0,0,0,65,Male,White,United States,Full-Time,No
790,1041,main_study,Yes,Yes,1,Stayed the same,3,1,5,-2,0,0,1,39,Female,Black,United States,Unemployed (and job seeking),No
791,560,main_study,Yes,Yes,1,Varied,4,4,2,0,0,0,0,30,Female,Mixed,United States,Part-Time,No
792,277,main_study,Yes,Yes,1,Varied,1,4,2,3,0,0,0,39,Male,White,United States,Full-Time,Yes
793,249,main_study,Yes,Yes,1,Varied,4,4,3,0,0,0,0,46,Male,Black,United States,Other,No
794,314,main_study,Yes,Yes,1,Varied,1,2,4,1,0,0,0,25,Female,Mixed,United States,Unemployed (and job seeking),No
795,185,main_study,Yes,Yes,1,Varied,3,3,2,0,0,0,0,22,Male,White,United States,Full-Time,No
796,344,main_study,Yes,Yes,1,Varied,3,4,2,1,0,0,0,34,Female,White,United States,Unemployed (and job seeking),No
797,226,main_study,Yes,Yes,1,Varied,1,4,2,3,0,1,0,34,Female,White,United States,Part-Time,Yes
798,203,main_study,Yes,Yes,1,Varied,1,1,1,0,1,0,0,34,Female,Mixed,United States,Part-Time,Yes
799,281,main_study,Yes,Yes,1,Not sure,4,4,2,0,0,0,1,38,Male,White,United States,Other,No
800,147,main_study,Yes,Yes,1,Stayed the same,4,4,2,0,0,0,1,32,Male,White,United States,Full-Time,No
801,172,main_study,Yes,Not sure,0,Varied,3,4,1,1,0,0,0,22,Male,Other,United States,Unemployed (and job seeking),Yes
802,254,main_study,Yes,Yes,1,Varied,2,2,3,0,0,0,0,29,Male,Black,United States,Part-Time,No
803,257,main_study,Yes,No,0,Varied,3,3,2,0,0,0,0,19,Female,Black,United States,Unemployed (and job seeking),No
804,472,main_study,Yes,Yes,1,Varied,3,3,3,0,0,0,0,35,Male,White,United States,Full-Time,No
805,203,main_study,Yes,Yes,1,Varied,2,3,2,1,0,0,0,33,Male,White,United States,"Not in paid work (e.g. homemaker', 'retired or disabled)",No
806,1057,main_study,Yes,Yes,1,Varied,4,4,2,0,0,0,0,26,Male,Mixed,United States,Unemployed (and job seeking),Yes
807,215,main_study,Yes,Yes,1,Varied,4,4,2,0,0,0,0,52,Female,White,United States,Unemployed (and job seeking),Yes
808,178,main_study,Yes,Yes,1,Varied,3,1,3,-2,0,0,0,20,Male,White,United States,"Not in paid work (e.g. homemaker', 'retired or disabled)",No
809,211,main_study,Yes,Yes,1,Varied,5,5,1,0,0,0,0,33,Female,White,United States,Part-Time,No
810,187,main_study,Yes,Yes,1,Varied,1,1,5,0,0,0,0,18,Female,Black,United States,Part-Time,Yes
811,332,main_study,Yes,Yes,1,Varied,3,3,1,0,0,0,0,26,Female,Black,United States,Full-Time,No
812,221,main_study,Yes,No,0,Varied,4,4,2,0,0,0,0,53,Female,White,United States,DATA_EXPIRED,DATA_EXPIRED
813,274,main_study,Yes,No,0,Varied,1,3,2,2,0,0,0,24,Female,White,United States,Unemployed (and job seeking),No
814,413,main_study,Yes,Yes,1,Not sure,4,4,2,0,0,0,1,50,Female,White,United States,Part-Time,No
815,731,main_study,Yes,Yes,1,Varied,4,4,1,0,0,0,0,53,Male,White,United States,"Not in paid work (e.g. homemaker', 'retired or disabled)",No
816,199,main_study,Yes,Yes,1,Varied,1,1,3,0,0,0,0,20,Male,White,United States,Part-Time,Yes
817,299,main_study,Yes,Yes,1,Varied,1,1,4,0,0,0,0,45,Male,Black,United States,Full-Time,No
818,245,main_study,Yes,Yes,1,Varied,1,1,5,0,0,0,0,55,Male,Mixed,United States,Part-Time,No
819,125,main_study,Yes,Not sure,0,Varied,2,2,4,0,0,0,0,26,Male,Asian,United States,Other,No
820,603,main_study,Yes,Yes,1,Varied,4,4,2,0,0,0,0,47,Prefer not to say,Mixed,United States,"Not in paid work (e.g. homemaker', 'retired or disabled)",No
821,308,main_study,Yes,Yes,1,Varied,3,2,4,-1,0,0,0,50,Prefer not to say,Prefer not to say,United States,Full-Time,Yes
822,125,main_study,Yes,No,0,Varied,3,3,2,0,0,0,0,30,Male,White,United States,Unemployed (and job seeking),No
823,334,main_study,Yes,Yes,1,Varied,5,5,1,0,0,0,0,27,Male,Black,United States,Full-Time,No
824,150,main_study,Yes,Yes,1,Varied,2,4,3,2,0,0,0,30,Female,White,United States,Unemployed (and job seeking),No
825,288,main_study,Yes,Yes,1,Varied,3,4,2,1,0,0,0,29,Male,White,United States,Unemployed (and job seeking),No
826,335,main_study,Yes,Yes,1,Varied,3,3,3,0,0,0,0,34,Female,White,United States,Unemployed (and job seeking),No
827,426,main_study,Yes,Yes,1,Varied,2,4,2,2,0,0,0,34,Male,White,United States,Unemployed (and job seeking),No
828,243,main_study,Yes,Not sure,0,Varied,2,3,3,1,0,0,0,19,Female,White,United States,Unemployed (and job seeking),Yes
829,434,main_study,Yes,Yes,1,Varied,4,4,2,0,0,0,0,30,Female,White,United States,Full-Time,No
830,128,main_study,Yes,Yes,1,Varied,4,4,3,0,0,0,0,28,Male,Asian,United States,Unemployed (and job seeking),Yes
831,357,main_study,Yes,Yes,1,Varied,4,4,2,0,0,0,0,64,Female,Black,United States,Unemployed (and job seeking),No
832,580,main_study,Yes,Yes,1,Varied,4,4,1,0,0,0,0,60,Female,White,United States,Unemployed (and job seeking),No
833,124,main_study,Yes,Yes,1,Varied,4,4,2,0,0,0,0,35,Female,White,United States,Part-Time,No
834,213,main_study,Yes,Yes,1,Varied,4,5,1,1,0,0,0,28,Male,Asian,United States,"Not in paid work (e.g. homemaker', 'retired or disabled)",No
835,197,main_study,Yes,No,0,Varied,1,1,1,0,0,0,0,49,Female,White,United States,Full-Time,No
836,246,main_study,Yes,No,0,Varied,2,3,3,1,0,0,0,22,Female,White,United States,Part-Time,Yes
837,412,main_study,Yes,Yes,1,Varied,3,3,3,0,0,0,0,36,Male,White,United States,Full-Time,No
838,173,main_study,Yes,Yes,1,Varied,2,3,3,1,0,0,0,25,Female,White,United States,Part-Time,No
839,160,main_study,Yes,Yes,1,Varied,2,3,2,1,0,0,0,25,Female,White,United States,Other,Yes
840,182,main_study,Yes,Yes,1,Varied,1,2,3,1,0,0,0,29,Female,White,United States,Full-Time,No
841,207,main_study,Yes,Yes,1,Varied,4,4,1,0,0,0,0,39,Male,White,United States,Part-Time,No
842,289,main_study,Yes,Yes,1,Varied,3,4,2,1,0,0,0,36,Male,White,United States,Full-Time,No
843,280,main_study,Yes,Yes,1,Varied,4,4,2,0,0,0,0,32,Male,White,United States,Full-Time,No
844,433,main_study,Yes,Yes,1,Varied,4,4,2,0,0,0,0,51,Female,Black,United States,Unemployed (and job seeking),No
845,333,main_study,Yes,Yes,1,Varied,4,4,1,0,0,0,0,38,Female,White,United States,Unemployed (and job seeking),No
846,325,main_study,Yes,Yes,1,Varied,3,4,2,1,0,0,0,23,Female,White,United States,Part-Time,No
847,183,main_study,Yes,Yes,1,Varied,1,1,4,0,1,0,0,19,Female,Asian,United States,Unemployed (and job seeking),Yes
848,586,main_study,Yes,Yes,1,Varied,2,2,3,0,0,0,0,24,Female,White,United States,Full-Time,Yes
849,212,main_study,Yes,Yes,1,Varied,2,4,2,2,0,0,0,19,Male,White,United States,Part-Time,Yes
850,193,main_study,Yes,Not sure,0,Stayed the same,3,3,3,0,0,0,1,41,Female,White,United States,Unemployed (and job seeking),No
851,440,main_study,Yes,Yes,1,Not sure,5,5,1,0,0,0,1,39,Male,White,United States,Part-Time,No
852,392,main_study,Yes,Yes,1,Varied,1,1,4,0,1,0,0,78,Male,Mixed,United States,"Not in paid work (e.g. homemaker', 'retired or disabled)",No
853,359,main_study,Yes,Yes,1,Varied,2,1,3,-1,0,0,0,36,Male,White,United States,Part-Time,No
854,479,main_study,Yes,Yes,1,Varied,2,3,2,1,0,0,0,24,Female,White,United States,DATA_EXPIRED,DATA_EXPIRED
855,190,main_study,Yes,Yes,1,Varied,3,2,3,-1,0,0,0,28,Male,White,United States,Unemployed (and job seeking),No
856,224,main_study,Yes,Yes,1,Varied,4,4,2,0,0,0,0,35,Female,White,United States,Full-Time,No
857,191,main_study,Yes,Yes,1,Varied,2,2,4,0,0,0,0,18,Male,Asian,United States,Part-Time,Yes
858,195,main_study,Yes,Yes,1,Varied,2,4,2,2,0,0,0,36,Male,White,United States,Part-Time,No
859,763,main_study,Yes,Yes,1,Varied,4,4,2,0,0,0,0,24,Female,Black,United States,Unemployed (and job seeking),No
860,222,main_study,Yes,Yes,1,Varied,3,2,2,-1,0,0,0,31,Female,Asian,United States,Unemployed (and job seeking),No
861,149,main_study,Yes,Yes,1,Varied,3,3,3,0,0,0,0,41,Male,White,United States,Unemployed (and job seeking),No
862,232,main_study,Yes,Yes,1,Varied,3,4,1,1,0,0,0,35,Female,White,United States,Other,No
863,274,main_study,Yes,Yes,1,Varied,2,3,2,1,0,0,0,53,Female,Black,United States,"Not in paid work (e.g. homemaker', 'retired or disabled)",No
864,231,main_study,Yes,Yes,1,Varied,2,2,4,0,0,0,0,28,Female,White,United States,Full-Time,No
865,367,main_study,Yes,Yes,1,Varied,4,4,1,0,0,0,0,43,Female,Black,United States,Full-Time,No
866,233,main_study,Yes,Yes,1,Varied,1,1,3,0,0,0,0,36,Male,White,United States,Full-Time,No
867,468,main_study,Yes,Yes,1,Varied,3,4,2,1,0,1,0,25,Female,White,United States,Part-Time,No
868,261,main_study,Yes,Not sure,0,Not sure,4,4,2,0,0,0,1,49,Female,White,United States,Due to start a new job within the next month,No
869,706,main_study,Yes,Yes,1,Varied,2,3,3,1,0,0,0,30,Female,Black,United States,Other,No
870,264,main_study,Yes,Yes,1,Varied,2,1,4,-1,0,0,0,20,Female,White,United States,Unemployed (and job seeking),Yes
871,1468,main_study,Yes,Yes,1,Varied,3,3,2,0,0,0,0,30,Female,White,United States,"Not in paid work (e.g. homemaker', 'retired or disabled)",Yes
872,254,main_study,Yes,Not sure,0,Varied,3,4,2,1,0,0,0,46,Male,White,United States,Unemployed (and job seeking),No
873,241,main_study,Yes,Not sure,0,Varied,3,2,4,-1,0,0,0,25,Female,White,United States,Unemployed (and job seeking),No
874,208,main_study,Yes,Yes,1,Varied,4,4,1,0,0,0,0,31,Male,White,United States,Unemployed (and job seeking),No
875,285,main_study,Yes,Yes,1,Varied,3,4,2,1,0,0,0,35,Female,Other,United States,Full-Time,Yes
876,277,main_study,Yes,Yes,1,Varied,4,3,4,-1,0,0,0,44,Female,White,United States,Full-Time,No
877,332,main_study,Yes,No,0,Varied,4,4,2,0,0,0,0,54,Female,White,United States,Unemployed (and job seeking),No
878,301,main_study,Yes,Yes,1,Varied,3,4,2,1,0,0,0,26,Male,White,United States,Full-Time,No
879,625,main_study,Yes,Yes,1,Varied,1,5,1,4,0,0,0,31,Male,White,United States,Part-Time,No
880,231,main_study,Yes,Yes,1,Not sure,1,1,5,0,0,0,1,31,Female,Asian,United States,Part-Time,No
881,580,main_study,Yes,Yes,1,Varied,4,5,1,1,0,0,0,76,Male,White,United States,"Not in paid work (e.g. homemaker', 'retired or disabled)",No
882,431,main_study,Yes,Yes,1,Varied,4,4,2,0,0,0,0,24,Male,White,United States,Full-Time,No
883,303,main_study,Yes,Yes,1,Varied,3,4,2,1,0,0,0,31,Male,Black,United States,Part-Time,Yes
884,136,main_study,Yes,Yes,1,Varied,1,4,2,3,1,0,0,39,Male,White,United States,Full-Time,No
885,210,main_study,Yes,Yes,1,Varied,4,4,2,0,0,0,0,47,Male,White,United States,Unemployed (and job seeking),No
886,223,main_study,Yes,Yes,1,Varied,4,4,2,0,0,0,0,47,Female,White,United States,Other,No
887,1187,main_study,Yes,Yes,1,Varied,4,4,1,0,0,0,0,40,Female,White,United States,Part-Time,Yes
888,238,main_study,Yes,Yes,1,Varied,3,4,2,1,0,0,0,54,Female,White,United States,Part-Time,No
889,1232,main_study,Yes,Yes,1,Varied,4,5,1,1,0,0,0,41,Female,Black,United States,Due to start a new job within the next month,No
890,104,main_study,Yes,Yes,1,Varied,2,2,3,0,0,0,0,31,Male,Other,United States,DATA_EXPIRED,DATA_EXPIRED
891,549,main_study,Yes,Not sure,0,Not sure,3,4,2,1,0,0,1,63,Female,White,United States,Unemployed (and job seeking),No
892,719,main_study,Yes,Yes,1,Varied,3,2,2,-1,0,0,0,25,Female,Black,United States,Unemployed (and job seeking),Yes
893,187,main_study,Yes,Yes,1,Stayed the same,4,3,3,-1,0,0,1,48,Female,Black,United States,Full-Time,No
894,296,main_study,Yes,Yes,1,Varied,3,3,2,0,0,0,0,39,Male,Black,United States,Full-Time,Yes
895,265,main_study,Yes,Yes,1,Varied,3,4,1,1,0,0,0,35,Male,Black,United States,Unemployed (and job seeking),No
896,375,main_study,Yes,Yes,1,Varied,2,2,4,0,0,0,0,25,Female,Mixed,United States,Unemployed (and job seeking),Yes
897,352,main_study,Yes,Yes,1,Varied,5,4,1,-1,0,0,0,42,Female,White,United States,Part-Time,No
898,325,main_study,Yes,Not sure,0,Varied,2,2,3,0,0,0,0,60,Female,White,United States,Unemployed (and job seeking),No
899,537,main_study,Yes,Yes,1,Varied,4,4,2,0,0,0,0,30,Female,Mixed,United States,Part-Time,No
900,272,main_study,Yes,Yes,1,Varied,3,4,2,1,0,0,0,43,Female,White,United States,Unemployed (and job seeking),Yes
901,622,main_study,Yes,Yes,1,Varied,3,4,2,1,0,0,0,59,Female,Asian,United States,Part-Time,No
902,194,main_study,Yes,Yes,1,Varied,4,4,5,0,0,0,0,20,Male,Black,United States,Due to start a new job within the next month,No
903,429,main_study,Yes,Yes,1,Varied,4,4,2,0,0,0,0,19,Female,White,United States,Part-Time,Yes
904,384,main_study,Yes,No,0,Varied,4,3,3,-1,0,0,0,46,Female,Asian,United States,"Not in paid work (e.g. homemaker', 'retired or disabled)",No
905,185,main_study,Yes,No,0,Varied,2,2,4,0,0,0,0,45,Male,White,United States,Full-Time,No
906,182,main_study,Yes,Yes,1,Varied,3,4,2,1,0,0,0,37,Female,White,United States,Part-Time,No
907,402,main_study,Yes,Yes,1,Varied,4,5,3,1,0,0,0,34,Female,Black,United States,Part-Time,Yes
908,102,main_study,Yes,Yes,1,Varied,4,5,4,1,0,0,0,51,Male,White,United States,Unemployed (and job seeking),No
909,194,main_study,Yes,Not sure,0,Varied,2,3,2,1,0,0,0,19,Female,White,United States,Part-Time,Yes
910,223,main_study,Yes,Not sure,0,Varied,4,4,2,0,1,0,0,37,Male,White,United States,Unemployed (and job seeking),No
911,467,main_study,Yes,Yes,1,Varied,2,2,4,0,0,0,0,23,Male,White,United States,Unemployed (and job seeking),No
912,122,main_study,Yes,Yes,1,Varied,2,3,2,1,0,0,0,19,Male,Asian,United States,Unemployed (and job seeking),Yes
913,298,main_study,Yes,Yes,1,Varied,3,2,4,-1,0,0,0,29,Female,White,United States,"Not in paid work (e.g. homemaker', 'retired or disabled)",No
914,285,main_study,Yes,Not sure,0,Varied,3,4,2,1,0,0,0,23,Male,White,United States,Unemployed (and job seeking),No
915,253,main_study,Yes,Not sure,0,Stayed the same,2,2,4,0,0,0,1,47,Female,White,United States,"Not in paid work (e.g. homemaker', 'retired or disabled)",No
916,222,main_study,Yes,Yes,1,Varied,3,3,2,0,1,0,0,37,Female,Black,United States,Unemployed (and job seeking),No
917,170,main_study,Yes,Yes,1,Varied,2,2,4,0,0,0,0,23,Male,White,United States,Unemployed (and job seeking),No
918,262,main_study,Yes,Yes,1,Varied,3,3,2,0,0,0,0,50,Male,White,United States,Full-Time,No
919,467,main_study,Yes,Yes,1,Varied,1,1,5,0,0,0,0,26,Female,Black,United States,Full-Time,No
920,409,main_study,Yes,Yes,1,Varied,1,1,2,0,0,0,0,56,Female,Black,United States,Unemployed (and job seeking),No
921,326,main_study,Yes,Yes,1,Varied,3,4,2,1,0,0,0,38,Female,White,United States,Full-Time,No
922,375,main_study,Yes,Yes,1,Varied,4,4,2,0,0,0,0,29,Male,Other,United States,Other,Yes
923,224,main_study,Yes,Yes,1,Varied,4,4,2,0,0,0,0,42,Male,Black,United States,Full-Time,Yes
924,83,main_study,Yes,No,0,Stayed the same,4,4,1,0,0,0,1,36,Female,White,United States,Unemployed (and job seeking),Yes
925,200,main_study,Yes,Yes,1,Varied,3,4,2,1,0,0,0,19,Female,Asian,United States,Unemployed (and job seeking),Yes
926,305,main_study,Yes,Yes,1,Varied,4,5,4,1,0,0,0,33,Male,Asian,United States,Full-Time,Yes
927,384,main_study,Yes,Yes,1,Varied,2,2,4,0,0,0,0,24,Female,Other,United States,Unemployed (and job seeking),No
928,162,main_study,Yes,No,0,Varied,1,1,5,0,1,0,0,28,Male,White,United States,Unemployed (and job seeking),No
929,303,main_study,Yes,Yes,1,Varied,3,4,2,1,0,0,0,44,Female,White,United States,Unemployed (and job seeking),No
930,229,main_study,Yes,Yes,1,Varied,2,2,4,0,0,0,0,27,Female,Mixed,United States,Unemployed (and job seeking),Yes
931,199,main_study,Yes,Yes,1,Varied,2,1,4,-1,0,0,0,26,Female,White,United States,"Not in paid work (e.g. homemaker', 'retired or disabled)",No
932,226,main_study,Yes,Yes,1,Varied,2,3,2,1,0,0,0,25,Female,White,United States,Unemployed (and job seeking),No
933,318,main_study,Yes,Yes,1,Varied,3,4,2,1,0,0,0,31,Male,White,United States,Full-Time,No
934,253,main_study,Yes,Yes,1,Varied,3,4,2,1,0,0,0,46,Male,White,United States,Due to start a new job within the next month,Yes
935,227,main_study,Yes,Yes,1,Varied,3,4,1,1,0,0,0,23,Male,Mixed,United States,Unemployed (and job seeking),No
936,318,main_study,Yes,Not sure,0,Varied,3,4,1,1,0,0,0,42,Male,White,United States,Full-Time,Yes
937,199,main_study,Yes,Yes,1,Varied,4,5,1,1,0,0,0,46,Male,White,United States,Full-Time,Yes
938,282,main_study,Yes,No,0,Varied,2,2,4,0,0,0,0,23,Female,White,United States,Unemployed (and job seeking),No
939,138,main_study,Yes,Yes,1,Varied,2,5,1,3,0,0,0,24,Male,White,United States,Full-Time,Yes
940,349,main_study,Yes,Yes,1,Varied,2,2,3,0,0,0,0,26,Female,Asian,United States,Full-Time,No
941,199,main_study,Yes,Yes,1,Varied,2,3,1,1,0,0,0,32,Prefer not to say,Prefer not to say,United States,Full-Time,Yes
942,208,main_study,Yes,Yes,1,Varied,1,3,3,2,0,0,0,62,Female,White,United States,Full-Time,Yes
943,226,main_study,Yes,Yes,1,Varied,3,3,2,0,0,0,0,34,Female,White,United States,Full-Time,Yes
944,544,main_study,Yes,Yes,1,Varied,2,3,3,1,0,0,0,48,Male,Black,United States,Full-Time,No
945,232,main_study,Yes,Not sure,0,Varied,3,4,2,1,1,0,0,49,Female,Other,United States,Full-Time,No
946,149,main_study,Yes,Yes,1,Varied,5,5,1,0,0,0,0,26,Female,DATA_EXPIRED,United States,Full-Time,Yes
947,297,main_study,Yes,Yes,1,Varied,2,2,2,0,0,0,0,54,Female,White,United States,Part-Time,No
948,387,main_study,Yes,Not sure,0,Varied,1,1,4,0,0,0,0,42,Female,Asian,United States,Part-Time,No
949,500,main_study,Yes,Yes,1,Varied,4,4,1,0,0,0,0,71,Male,Asian,United States,Part-Time,No
950,347,main_study,Yes,Yes,1,Varied,3,3,4,0,0,0,0,22,Female,Black,United States,Part-Time,Yes
951,832,main_study,Yes,Yes,1,Varied,4,4,3,0,0,0,0,21,Male,Black,United States,Unemployed (and job seeking),No
952,646,main_study,Yes,Yes,1,Varied,5,5,1,0,0,0,0,36,Male,Black,United States,Full-Time,No
953,241,main_study,Yes,Yes,1,Varied,4,4,2,0,0,0,0,44,Male,White,United States,Part-Time,No
954,150,main_study,Yes,Yes,1,Varied,3,2,3,-1,0,0,0,32,Male,White,United States,Full-Time,No
955,223,main_study,Yes,Yes,1,Varied,3,4,2,1,0,0,0,24,Male,White,United States,Full-Time,No
956,406,main_study,Yes,Yes,1,Varied,4,3,2,-1,0,0,0,53,Female,White,United States,Other,No
957,484,main_study,Yes,Yes,1,Varied,3,2,3,-1,0,0,0,18,Female,Other,United States,Unemployed (and job seeking),Yes
958,308,main_study,Yes,Yes,1,Varied,4,4,2,0,0,0,0,74,Male,White,United States,Full-Time,No
959,256,main_study,Yes,Yes,1,Not sure,3,3,2,0,0,0,1,31,Female,White,United States,Unemployed (and job seeking),Yes
960,421,main_study,Yes,No,0,Varied,3,3,2,0,0,0,0,33,Female,Mixed,United States,Other,No
961,330,main_study,Yes,Yes,1,Varied,1,3,3,2,0,0,0,25,Female,White,United States,Full-Time,No
962,220,main_study,Yes,Yes,1,Varied,2,2,3,0,0,0,0,37,Female,White,United States,Full-Time,No
963,325,main_study,Yes,Yes,1,Varied,4,4,2,0,0,0,0,35,Male,Black,United States,Part-Time,No
964,513,main_study,Yes,Yes,1,Varied,2,3,3,1,0,0,0,34,Male,Mixed,United States,Unemployed (and job seeking),No
965,395,main_study,Yes,Not sure,0,Varied,2,2,5,0,0,0,0,27,Female,Black,United States,Unemployed (and job seeking),Yes
966,185,main_study,Yes,Yes,1,Varied,3,3,3,0,0,0,0,25,Female,White,United States,Part-Time,No
967,159,main_study,Yes,Not sure,0,Varied,4,4,2,0,0,0,0,37,Male,Other,United States,Full-Time,No
968,135,main_study,Yes,No,0,Varied,1,2,5,1,0,0,0,19,Male,Mixed,United States,Unemployed (and job seeking),Yes
969,128,main_study,Yes,Yes,1,Varied,4,4,4,0,0,0,0,28,Male,Asian,United States,Unemployed (and job seeking),No
970,229,main_study,Yes,Yes,1,Varied,2,2,5,0,0,0,0,59,Male,Asian,United States,Full-Time,No
971,255,main_study,Yes,Yes,1,Not sure,4,4,1,0,0,0,1,57,Female,White,United States,Full-Time,No
972,93,main_study,Yes,Yes,1,Varied,4,4,2,0,0,0,0,32,Male,White,United States,Due to start a new job within the next month,No
973,192,main_study,Yes,Yes,1,Varied,3,3,2,0,0,0,0,18,Male,Asian,United States,Part-Time,Yes
974,168,main_study,Yes,Yes,1,Varied,4,5,4,1,0,0,0,19,Male,White,United States,Unemployed (and job seeking),Yes
975,199,main_study,Yes,No,0,Stayed the same,4,4,4,0,0,0,1,34,Female,Black,United States,Part-Time,Yes
976,289,main_study,Yes,Yes,1,Varied,2,3,3,1,0,0,0,30,Female,Black,United States,Full-Time,No
977,309,main_study,Yes,Yes,1,Varied,2,2,3,0,0,0,0,28,Female,Mixed,United States,Full-Time,Yes
978,392,main_study,Yes,Yes,1,Varied,1,1,5,0,0,0,0,30,Male,White,United States,Other,No
979,440,main_study,Yes,Not sure,0,Varied,3,3,3,0,0,0,0,26,Female,Other,United States,Unemployed (and job seeking),No
980,347,main_study,Yes,Not sure,0,Varied,4,4,2,0,0,0,0,50,Male,White,United States,Full-Time,No
981,213,main_study,Yes,No,0,Stayed the same,4,3,3,-1,0,0,1,24,Male,White,United States,Full-Time,No
982,298,main_study,Yes,Yes,1,Varied,4,4,2,0,0,0,0,38,Female,White,United States,"Not in paid work (e.g. homemaker', 'retired or disabled)",No
983,510,main_study,Yes,Yes,1,Varied,2,4,4,2,0,0,0,22,Male,White,United States,Unemployed (and job seeking),No
984,184,main_study,Yes,Yes,1,Varied,1,1,1,0,0,0,0,19,Male,Asian,United States,Unemployed (and job seeking),Yes
985,421,main_study,Yes,Yes,1,Varied,4,4,2,0,0,0,0,40,Male,Black,United States,Other,No
986,369,main_study,Yes,Yes,1,Varied,3,5,1,2,0,0,0,35,Female,Asian,United States,Part-Time,No
987,258,main_study,Yes,Not sure,0,Varied,1,3,2,2,0,0,0,37,Female,White,United States,Part-Time,No
988,514,main_study,Yes,No,0,Varied,1,1,5,0,0,0,0,35,Female,White,United States,"Not in paid work (e.g. homemaker', 'retired or disabled)",No
989,256,main_study,Yes,Yes,1,Stayed the same,3,4,2,1,0,0,1,42,Female,White,United States,Unemployed (and job seeking),No
990,281,main_study,Yes,Yes,1,Varied,2,1,2,-1,0,0,0,20,Female,Mixed,United States,Unemployed (and job seeking),No
991,194,main_study,Yes,Yes,1,Varied,1,1,3,0,0,0,0,45,Male,White,United States,Full-Time,No
992,392,main_study,Yes,Yes,1,Varied,3,2,4,-1,0,0,0,30,Male,Mixed,United States,Full-Time,No
993,361,main_study,Yes,No,0,Varied,2,3,3,1,0,0,0,36,Female,Asian,United States,Other,No
994,144,main_study,Yes,Yes,1,Varied,2,1,4,-1,0,0,0,38,Male,White,United States,Full-Time,Yes
995,340,main_study,Yes,Yes,1,Varied,3,3,3,0,0,0,0,30,Female,White,United States,Part-Time,No
996,181,main_study,Yes,Yes,1,Varied,1,3,3,2,1,0,0,39,Female,White,United States,Part-Time,No
997,628,main_study,Yes,Yes,1,Varied,3,4,2,1,0,0,0,26,Male,Mixed,United States,Unemployed (and job seeking),No
998,205,main_study,Yes,Yes,1,Varied,4,4,1,0,0,0,0,39,Male,Black,United States,Full-Time,No
999,330,main_study,Yes,No,0,Varied,1,3,2,2,0,0,0,18,Male,Other,United States,Unemployed (and job seeking),Yes
1000,286,main_study,Yes,No,0,Varied,4,5,1,1,0,0,0,42,Female,Black,United States,Full-Time,No
1001,159,main_study,Yes,Not sure,0,Stayed the same,1,1,5,0,1,0,1,29,Male,White,United States,Unemployed (and job seeking),No
1002,229,main_study,Yes,Yes,1,Varied,4,4,2,0,0,0,0,30,Male,White,United States,Full-Time,No
1003,151,main_study,Yes,Yes,1,Varied,2,2,4,0,0,0,0,34,Female,White,United States,Unemployed (and job seeking),No
1004,324,main_study,Yes,Yes,1,Not sure,3,3,2,0,0,0,1,52,Male,White,United States,Full-Time,No
1005,377,main_study,Yes,Not sure,0,Varied,3,4,2,1,0,0,0,42,Male,Other,United States,Other,No
1006,175,main_study,Yes,Yes,1,Varied,2,3,3,1,0,0,0,18,Female,Black,United States,Unemployed (and job seeking),Yes
1007,639,main_study,Yes,No,0,Varied,4,3,2,-1,0,0,0,35,Female,White,United States,Due to start a new job within the next month,No
1008,135,main_study,Yes,Yes,1,Varied,2,4,2,2,0,0,0,23,Male,White,United States,Other,No
1009,294,main_study,Yes,Yes,1,Varied,1,3,3,2,1,0,0,28,Female,White,United States,Part-Time,No
1010,517,main_study,Yes,No,0,Varied,3,4,2,1,0,0,0,40,Female,White,United States,Unemployed (and job seeking),No
1011,378,main_study,Yes,Yes,1,Varied,1,2,4,1,0,0,0,54,Male,White,United States,Unemployed (and job seeking),No
1012,353,main_study,Yes,Yes,1,Varied,2,4,3,2,0,0,0,46,Male,White,United States,Full-Time,No
1013,548,main_study,Yes,Yes,1,Varied,3,3,2,0,0,0,0,31,Female,White,United States,Unemployed (and job seeking),Yes
1014,392,main_study,Yes,Yes,1,Varied,1,3,3,2,0,0,0,45,Female,White,United States,Unemployed (and job seeking),No
1015,262,main_study,Yes,Yes,1,Varied,1,1,5,0,0,0,0,33,Female,Asian,United States,Unemployed (and job seeking),Yes
1016,233,main_study,Yes,Yes,1,Varied,4,4,3,0,0,0,0,41,Female,Asian,United States,Part-Time,No
1017,819,main_study,Yes,Yes,1,Varied,3,3,2,0,0,0,0,66,Female,Black,United States,Full-Time,No
1018,185,main_study,Yes,Not sure,0,Varied,4,3,2,-1,0,0,0,33,Female,White,United States,Full-Time,No
1019,273,main_study,Yes,Yes,1,Varied,3,3,3,0,0,0,0,47,Female,White,United States,Unemployed (and job seeking),No
1020,244,main_study,Yes,Yes,1,Varied,2,2,4,0,0,0,0,55,Female,White,United States,Part-Time,No
1021,221,main_study,Yes,No,0,Varied,3,4,2,1,0,0,0,32,Male,White,United States,Full-Time,No
1022,128,main_study,Yes,No,0,Varied,4,4,2,0,0,0,0,33,Male,White,United States,Full-Time,No
1023,212,main_study,Yes,Yes,1,Varied,3,4,2,1,0,0,0,51,Female,Mixed,United States,Full-Time,Yes
1024,211,main_study,Yes,Yes,1,Stayed the same,1,1,5,0,0,0,1,21,Female,White,United States,Unemployed (and job seeking),Yes
1025,233,main_study,Yes,Yes,1,Varied,5,5,1,0,0,0,0,30,Male,White,United States,Full-Time,No
1026,353,main_study,Yes,Yes,1,Varied,2,3,3,1,0,0,0,31,Female,White,United States,Full-Time,No
1027,595,main_study,Yes,Yes,1,Varied,1,2,2,1,0,0,0,23,Female,White,United States,Part-Time,No
1028,1325,main_study,Yes,Yes,1,Varied,3,4,2,1,0,0,0,33,Female,White,United States,Full-Time,No
1029,179,main_study,Yes,Yes,1,Varied,3,4,2,1,0,0,0,54,Male,White,United States,Full-Time,No
1030,219,main_study,Yes,Yes,1,Varied,4,4,2,0,0,0,0,38,Male,White,United States,"Not in paid work (e.g. homemaker', 'retired or disabled)",No
1031,532,main_study,Yes,Yes,1,Varied,4,4,2,0,0,0,0,38,Female,White,United States,Full-Time,Yes
1032,265,main_study,Yes,Yes,1,Varied,1,1,5,0,0,0,0,50,Male,White,United States,"Not in paid work (e.g. homemaker', 'retired or disabled)",No
1033,170,main_study,Yes,Yes,1,Varied,4,4,2,0,0,1,0,29,Male,Mixed,United States,Part-Time,Yes
1034,198,main_study,Yes,Yes,1,Varied,3,3,2,0,0,0,0,30,Female,White,United States,Part-Time,No
1035,140,main_study,Yes,No,0,Varied,4,4,2,0,0,0,0,32,Male,White,United States,Unemployed (and job seeking),Yes
1036,218,main_study,Yes,Yes,1,Stayed the same,1,2,3,1,1,0,1,31,Female,Mixed,United States,Unemployed (and job seeking),No
1037,188,main_study,Yes,Yes,1,Varied,1,3,3,2,0,0,0,33,Female,White,United States,Full-Time,No
1038,134,main_study,Yes,Yes,1,Varied,1,1,5,0,0,0,0,34,Female,White,United States,Part-Time,No
1039,122,main_study,Yes,No,0,Stayed the same,4,2,4,-2,0,0,1,29,Female,White,United States,Due to start a new job within the next month,No
1040,435,main_study,Yes,Yes,1,Varied,4,4,5,0,0,0,0,23,Male,White,United States,Unemployed (and job seeking),Yes
1041,466,main_study,Yes,Yes,1,Varied,2,1,5,-1,0,0,0,59,Male,Black,United States,Full-Time,No
1042,425,main_study,Yes,Yes,1,Varied,3,3,4,0,0,0,0,20,Male,Asian,United States,Part-Time,Yes
1043,356,main_study,Yes,No,0,Varied,3,3,2,0,0,0,0,40,Female,White,United States,Unemployed (and job seeking),No
1044,294,main_study,Yes,Yes,1,Varied,4,4,1,0,0,0,0,25,Male,White,United States,Part-Time,No
1045,181,main_study,Yes,No,0,Not sure,2,3,2,1,0,0,1,29,Male,Asian,United States,Unemployed (and job seeking),No
1046,178,main_study,Yes,Not sure,0,Varied,3,3,2,0,0,0,0,38,Female,Mixed,United States,Full-Time,No
1047,144,main_study,Yes,Yes,1,Varied,1,1,5,0,0,0,0,24,Female,White,United States,Part-Time,No
1048,170,main_study,Yes,No,0,Varied,3,3,2,0,0,0,0,67,Male,White,United States,Full-Time,No
1049,493,main_study,Yes,Not sure,0,Varied,4,4,2,0,0,0,0,43,Female,Prefer not to say,United States,Part-Time,No
1050,956,main_study,Yes,Yes,1,Varied,4,5,1,1,0,0,0,52,Female,White,United States,Part-Time,No
1051,279,main_study,Yes,Yes,1,Varied,3,4,3,1,0,0,0,33,Female,White,United States,Other,Yes
1052,190,main_study,Yes,Yes,1,Varied,4,4,1,0,0,0,0,32,Male,White,United States,Part-Time,No
1053,580,main_study,Yes,Yes,1,Varied,3,4,2,1,0,0,0,36,Male,White,United States,Due to start a new job within the next month,No
1054,152,main_study,Yes,Yes,1,Varied,2,4,2,2,0,0,0,21,Female,White,United States,Unemployed (and job seeking),Yes
1055,336,main_study,Yes,Yes,1,Varied,4,4,1,0,0,0,0,46,Female,White,United States,Unemployed (and job seeking),Yes
1056,270,main_study,Yes,Yes,1,Varied,3,4,2,1,0,0,0,67,Female,White,United States,"Not in paid work (e.g. homemaker', 'retired or disabled)",No
1057,267,main_study,Yes,Yes,1,Varied,4,4,1,0,0,0,0,50,Female,White,United States,Part-Time,No
1058,365,main_study,Yes,Yes,1,Varied,1,4,2,3,0,0,0,23,Male,Mixed,United States,Full-Time,No
1059,119,main_study,Yes,No,0,Varied,3,3,4,0,0,0,0,19,Male,Black,United States,Unemployed (and job seeking),Yes
1060,217,main_study,Yes,Yes,1,Varied,2,4,2,2,0,0,0,23,Female,White,United States,Full-Time,Yes
1061,324,main_study,Yes,Yes,1,Varied,2,2,1,0,0,0,0,20,Male,White,United States,Unemployed (and job seeking),Yes
1062,300,main_study,Yes,Yes,1,Varied,4,4,2,0,0,0,0,42,Male,Black,United States,Part-Time,No
1063,803,main_study,Yes,Yes,1,Varied,1,2,5,1,0,0,0,31,Female,Mixed,United States,"Not in paid work (e.g. homemaker', 'retired or disabled)",No
1064,231,main_study,Yes,Not sure,0,Varied,3,3,3,0,0,0,0,42,Male,White,United States,Full-Time,No
1065,309,main_study,Yes,Yes,1,Varied,3,3,2,0,0,0,0,34,Male,Other,United States,Part-Time,No
1066,252,main_study,Yes,Yes,1,Varied,2,2,4,0,0,0,0,43,Female,White,United States,Unemployed (and job seeking),No
1067,127,main_study,Yes,Yes,1,Varied,2,2,4,0,0,0,0,20,Male,Other,United States,Part-Time,Yes
1068,247,main_study,Yes,Yes,1,Stayed the same,4,1,3,-3,0,0,1,29,Female,Asian,United States,Due to start a new job within the next month,No
1069,183,main_study,Yes,Yes,1,Varied,2,2,2,0,0,1,0,32,Male,White,United States,Full-Time,No
1070,249,main_study,Yes,Not sure,0,Varied,3,4,2,1,0,0,0,33,Male,White,United States,Part-Time,No
1071,353,main_study,Yes,No,0,Varied,4,5,1,1,0,0,0,23,Male,Black,United States,Part-Time,Yes
1072,156,main_study,Yes,Not sure,0,Varied,2,1,5,-1,0,1,0,30,Female,White,United States,Unemployed (and job seeking),No
1073,226,main_study,Yes,Yes,1,Varied,1,1,5,0,0,0,0,30,Male,Mixed,United States,Full-Time,No
1074,319,main_study,Yes,Yes,1,Varied,3,3,4,0,0,0,0,33,Male,Asian,United States,Other,No
1075,344,main_study,Yes,No,0,Varied,1,3,4,2,0,0,0,19,Female,Black,United States,Unemployed (and job seeking),Yes
1076,439,main_study,Yes,Yes,1,Varied,4,4,1,0,0,0,0,37,Male,White,United States,Unemployed (and job seeking),No
1077,141,main_study,Yes,Yes,1,Varied,3,4,2,1,1,0,0,50,Male,White,United States,Full-Time,Yes
1078,428,main_study,Yes,No,0,Varied,4,5,1,1,0,0,0,42,Male,White,United States,Other,No
1079,897,main_study,Yes,Yes,1,Varied,3,4,2,1,0,0,0,34,Female,White,United States,Full-Time,No
1080,193,main_study,Yes,Yes,1,Varied,3,3,3,0,0,0,0,21,Male,Asian,United States,Unemployed (and job seeking),Yes
1081,148,main_study,Yes,No,0,Varied,1,1,5,0,0,0,0,31,Male,White,United States,Unemployed (and job seeking),No
1082,337,main_study,Yes,Yes,1,Varied,2,5,2,3,0,0,0,39,Male,White,United States,Full-Time,No
1083,452,main_study,Yes,Yes,1,Varied,3,4,2,1,0,0,0,27,Female,White,United States,Unemployed (and job seeking),No
1084,526,main_study,Yes,Yes,1,Varied,3,4,2,1,0,0,0,47,Female,White,United States,Unemployed (and job seeking),No
1085,254,main_study,Yes,Yes,1,Varied,4,4,2,0,0,0,0,56,Female,White,United States,Part-Time,Yes
1086,837,main_study,Yes,Yes,1,Varied,3,3,3,0,0,0,0,26,Female,White,United States,Unemployed (and job seeking),No
1087,288,main_study,Yes,Yes,1,Varied,3,4,2,1,0,0,0,53,Female,White,United States,Part-Time,No
1088,219,main_study,Yes,Yes,1,Varied,3,4,2,1,0,0,0,29,Male,White,United States,Part-Time,No
1089,537,main_study,Yes,Yes,1,Varied,4,5,4,1,0,0,0,25,Male,Black,United States,Full-Time,Yes
1090,328,main_study,Yes,Yes,1,Varied,5,5,1,0,0,0,0,30,Male,Black,United States,Part-Time,Yes
1091,417,main_study,Yes,Yes,1,Varied,3,4,2,1,0,0,0,44,Female,White,United States,Full-Time,No
1092,569,main_study,Yes,No,0,Stayed the same,1,1,5,0,0,0,1,31,Female,White,United States,Full-Time,No
1093,303,main_study,Yes,Not sure,0,Varied,4,4,3,0,0,0,0,36,Female,White,United States,Part-Time,No
1094,246,main_study,Yes,Not sure,0,Varied,3,2,4,-1,0,0,0,39,Male,White,United States,Unemployed (and job seeking),No
1095,178,main_study,Yes,Yes,1,Varied,3,4,2,1,0,0,0,19,Male,Mixed,United States,Unemployed (and job seeking),Yes
1096,335,main_study,Yes,Yes,1,Varied,4,4,1,0,0,0,0,29,Male,Mixed,United States,Part-Time,No
1097,346,main_study,Yes,Yes,1,Varied,4,4,2,0,0,0,0,38,Male,White,United States,Full-Time,No
1098,219,main_study,Yes,No,0,Varied,4,4,2,0,0,0,0,37,Male,Asian,United States,Full-Time,No
1099,503,main_study,Yes,Yes,1,Varied,2,5,1,3,0,0,0,24,Male,Asian,United States,Full-Time,No
1100,325,main_study,Yes,Yes,1,Varied,4,5,1,1,0,0,0,46,Male,Black,United States,Full-Time,No
1101,213,main_study,Yes,Yes,1,Varied,3,3,2,0,0,0,0,38,Male,White,United States,Full-Time,No
1102,355,main_study,Yes,Yes,1,Varied,2,4,1,2,0,0,0,35,Female,White,United States,Full-Time,No
1103,256,main_study,Yes,Yes,1,Varied,4,4,2,0,0,0,0,59,Female,White,United States,Part-Time,No
1104,305,main_study,Yes,Not sure,0,Varied,4,4,3,0,0,0,0,37,Male,Mixed,United States,Full-Time,No
1105,302,main_study,Yes,Yes,1,Varied,2,3,1,1,0,0,0,35,Female,White,United States,Part-Time,No
1106,226,main_study,Yes,No,0,Varied,2,2,3,0,0,0,0,19,Female,White,United States,Unemployed (and job seeking),No
1107,379,main_study,Yes,Not sure,0,Varied,1,2,2,1,0,0,0,71,Female,Asian,United States,Unemployed (and job seeking),No
1108,265,main_study,Yes,Yes,1,Varied,4,3,3,-1,0,0,0,41,Female,White,United States,Part-Time,No
1109,754,main_study,Yes,Yes,1,Varied,3,3,2,0,0,0,0,22,Female,Black,United States,"Not in paid work (e.g. homemaker', 'retired or disabled)",No
1110,503,main_study,Yes,Yes,1,Varied,2,3,3,1,0,0,0,43,Female,Asian,United States,Due to start a new job within the next month,No
1111,157,main_study,Yes,Yes,1,Varied,2,3,3,1,0,0,0,31,Male,White,United States,Unemployed (and job seeking),No
1112,354,main_study,Yes,Yes,1,Varied,2,3,2,1,0,0,0,31,Female,White,United States,Unemployed (and job seeking),No
1113,621,main_study,Yes,Yes,1,Varied,3,4,2,1,0,0,0,62,Female,White,United States,Part-Time,No
1114,625,main_study,Yes,Yes,1,Varied,3,3,3,0,0,0,0,20,Male,White,United States,Unemployed (and job seeking),Yes
1115,354,main_study,Yes,Not sure,0,Varied,2,3,2,1,0,0,0,34,Male,White,United States,Unemployed (and job seeking),No
1116,330,main_study,Yes,Yes,1,Varied,2,2,2,0,0,0,0,32,Male,Mixed,United States,Part-Time,Yes
1117,187,main_study,Yes,Yes,1,Stayed the same,3,4,2,1,0,0,1,32,Male,Black,United States,Full-Time,No
1118,692,main_study,Yes,Yes,1,Varied,3,5,1,2,0,0,0,53,Female,Asian,United States,Unemployed (and job seeking),No
1119,482,main_study,Yes,Not sure,0,Varied,4,3,2,-1,0,0,0,56,Female,White,United States,Unemployed (and job seeking),No
1120,424,main_study,Yes,Yes,1,Not sure,2,2,2,0,0,0,1,30,Female,White,United States,Part-Time,No
1121,228,main_study,Yes,Yes,1,Varied,3,3,3,0,1,0,0,33,Female,Asian,United States,Full-Time,No
1122,225,main_study,Yes,Not sure,0,Varied,4,4,2,0,1,0,0,46,Female,Black,United States,Other,No
1123,212,main_study,Yes,Not sure,0,Varied,2,3,3,1,0,0,0,29,Male,Asian,United States,Full-Time,No
1124,358,main_study,Yes,Yes,1,Varied,4,4,2,0,0,0,0,42,Male,Black,United States,Other,No
1125,612,main_study,Yes,Yes,1,Varied,4,4,2,0,0,0,0,58,Female,White,United States,Unemployed (and job seeking),No
1126,162,main_study,Yes,Yes,1,Varied,2,2,2,0,0,0,0,41,Male,White,United States,Full-Time,No
1127,400,main_study,Yes,No,0,Varied,4,4,2,0,0,0,0,26,Female,White,United States,Due to start a new job within the next month,No
1128,335,main_study,Yes,Yes,1,Varied,5,5,1,0,0,0,0,70,Female,White,United States,Part-Time,No
1129,304,main_study,Yes,Yes,1,Varied,1,4,1,3,1,0,0,42,Male,Mixed,United States,Full-Time,No
1130,236,main_study,Yes,Yes,1,Varied,1,3,5,2,0,0,0,20,Female,Black,United States,Part-Time,No
1131,207,main_study,Yes,Yes,1,Varied,5,5,1,0,0,0,0,31,Female,Mixed,United States,Due to start a new job within the next month,No
1132,383,main_study,Yes,Yes,1,Varied,2,3,2,1,0,0,0,78,Male,Mixed,United States,Unemployed (and job seeking),No
1133,431,main_study,Yes,Yes,1,Not sure,4,4,2,0,0,0,1,29,Female,White,United States,Unemployed (and job seeking),Yes
1134,140,main_study,Yes,Yes,1,Varied,4,4,2,0,0,0,0,30,Female,White,United States,Full-Time,No
1135,170,main_study,Yes,No,0,Varied,1,1,4,0,0,0,0,19,Male,Other,United States,Unemployed (and job seeking),Yes
1136,237,main_study,Yes,Yes,1,Varied,4,3,2,-1,0,0,0,24,Male,Other,United States,Unemployed (and job seeking),No
1137,298,main_study,Yes,Yes,1,Varied,2,3,3,1,0,0,0,18,Female,Other,United States,Unemployed (and job seeking),Yes
1138,652,main_study,Yes,Yes,1,Varied,2,4,2,2,0,0,0,36,Male,White,United States,Unemployed (and job seeking),No
1139,331,main_study,Yes,Yes,1,Varied,2,2,4,0,0,0,0,35,Female,Asian,United States,Other,No
1140,171,main_study,Yes,Yes,1,Varied,3,4,2,1,0,0,0,22,Male,White,United States,Part-Time,No
1141,286,main_study,Yes,Yes,1,Varied,3,4,3,1,0,0,0,47,Female,White,United States,"Not in paid work (e.g. homemaker', 'retired or disabled)",No
1142,367,main_study,Yes,Yes,1,Varied,3,4,2,1,0,0,0,22,Male,White,United States,Part-Time,No
1143,274,main_study,Yes,Yes,1,Varied,4,3,3,-1,0,0,0,36,Female,Black,United States,Full-Time,Yes
1144,280,main_study,Yes,Yes,1,Varied,3,3,2,0,0,0,0,31,Male,White,United States,Unemployed (and job seeking),No
1145,292,main_study,Yes,Yes,1,Varied,2,4,2,2,0,0,0,29,Male,Asian,United States,Part-Time,No
1146,211,main_study,Yes,Not sure,0,Stayed the same,3,4,2,1,0,0,1,22,Male,White,United States,Unemployed (and job seeking),No
1147,315,main_study,Yes,Not sure,0,Varied,2,3,2,1,0,0,0,47,Female,White,United States,Full-Time,No
1148,327,main_study,Yes,No,0,Varied,2,2,4,0,0,0,0,55,Male,White,United States,Full-Time,No
1149,265,main_study,Yes,Yes,1,Varied,2,4,3,2,0,0,0,29,Male,White,United States,Full-Time,No
1150,571,main_study,Yes,Yes,1,Varied,5,5,2,0,0,0,0,61,Male,Black,United States,Unemployed (and job seeking),No
1151,891,main_study,Yes,Yes,1,Varied,4,4,2,0,0,0,0,28,Female,Other,United States,Unemployed (and job seeking),No
1152,136,main_study,Yes,Yes,1,Stayed the same,3,3,4,0,0,0,1,18,Prefer not to say,White,United States,Part-Time,Yes
1153,1101,main_study,Yes,Yes,1,Varied,3,4,1,1,0,0,0,33,Female,White,United States,Unemployed (and job seeking),No
1154,259,main_study,Yes,Yes,1,Varied,5,5,1,0,0,0,0,50,Male,White,United States,Full-Time,No
1155,364,main_study,Yes,Yes,1,Varied,3,4,2,1,0,0,0,30,Female,White,United States,Part-Time,No
1156,105,main_study,Yes,Yes,1,Varied,4,4,3,0,0,0,0,47,Male,White,United States,Full-Time,Yes
1157,208,main_study,Yes,Not sure,0,Varied,3,3,2,0,0,0,0,45,Male,White,United States,Part-Time,No
1158,370,main_study,Yes,Yes,1,Varied,1,1,5,0,0,0,0,66,Female,Black,United States,"Not in paid work (e.g. homemaker', 'retired or disabled)",No
1159,322,main_study,Yes,Yes,1,Varied,3,3,2,0,0,0,0,23,Male,Asian,United States,Unemployed (and job seeking),No
1160,195,main_study,Yes,Yes,1,Varied,3,3,3,0,0,0,0,26,Female,Asian,United States,Unemployed (and job seeking),No
1161,413,main_study,Yes,Not sure,0,Not sure,2,2,4,0,0,0,1,23,Female,White,United States,"Not in paid work (e.g. homemaker', 'retired or disabled)",No
1162,210,main_study,Yes,Yes,1,Varied,3,4,2,1,0,0,0,31,Male,Mixed,United States,Unemployed (and job seeking),No
1163,412,main_study,Yes,Yes,1,Varied,4,5,2,1,0,0,0,33,Male,Black,United States,Full-Time,No
1164,213,main_study,Yes,No,0,Varied,3,3,2,0,0,0,0,33,Male,White,United States,Unemployed (and job seeking),No
1165,218,main_study,Yes,Yes,1,Varied,2,3,2,1,0,0,0,21,Male,Other,United States,Due to start a new job within the next month,Yes
1166,167,main_study,Yes,Yes,1,Varied,4,4,2,0,0,0,0,24,Male,Asian,United States,Other,Yes
1167,405,main_study,Yes,Yes,1,Varied,4,5,2,1,0,0,0,56,Male,White,United States,"Not in paid work (e.g. homemaker', 'retired or disabled)",No
1168,294,main_study,Yes,Yes,1,Varied,3,2,4,-1,0,0,0,34,Female,Black,United States,Full-Time,No
1169,543,main_study,Yes,Yes,1,Varied,2,4,2,2,0,0,0,51,Male,White,United States,Unemployed (and job seeking),No
1170,136,main_study,Yes,Yes,1,Stayed the same,1,1,5,0,1,0,1,49,Female,White,United States,Full-Time,No
1171,353,main_study,Yes,Yes,1,Varied,2,2,4,0,0,0,0,27,Female,White,United States,Other,No
1172,193,main_study,Yes,Not sure,0,Varied,3,3,2,0,0,0,0,41,Male,White,United States,Unemployed (and job seeking),No
1173,241,main_study,Yes,Yes,1,Varied,4,3,2,-1,0,0,0,22,Female,Mixed,United States,Part-Time,Yes
1174,459,main_study,Yes,Yes,1,Varied,3,4,2,1,0,0,0,19,Male,White,United States,Unemployed (and job seeking),Yes
1175,205,main_study,Yes,Not sure,0,Varied,2,2,4,0,0,0,0,70,Male,White,United States,Unemployed (and job seeking),No
1176,155,main_study,Yes,Not sure,0,Varied,2,2,4,0,0,0,0,18,Female,White,United States,Unemployed (and job seeking),Yes
1177,174,main_study,Yes,Yes,1,Varied,3,4,2,1,0,0,0,42,Male,Black,United States,Full-Time,No
1178,163,main_study,Yes,Yes,1,Varied,4,4,1,0,0,0,0,22,Male,Asian,United States,Unemployed (and job seeking),Yes
1179,588,main_study,Yes,Not sure,0,Varied,4,4,2,0,0,0,0,27,Male,White,United States,Unemployed (and job seeking),No
1180,358,main_study,Yes,Yes,1,Not sure,4,4,3,0,0,0,1,55,Female,Black,United States,Unemployed (and job seeking),No
1181,162,main_study,Yes,Yes,1,Varied,2,3,2,1,0,0,0,20,Male,Asian,United States,Unemployed (and job seeking),Yes
1182,114,main_study,Yes,Yes,1,Stayed the same,2,3,3,1,0,0,1,21,Male,Other,United States,Unemployed (and job seeking),Yes
1183,300,main_study,Yes,No,0,Varied,4,4,3,0,0,0,0,28,Male,Mixed,United States,Unemployed (and job seeking),Yes
1184,334,main_study,Yes,Yes,1,Varied,5,5,1,0,1,0,0,39,Male,White,United States,Unemployed (and job seeking),No
1185,314,main_study,Yes,No,0,Varied,3,3,3,0,0,0,0,29,Female,Black,United States,Due to start a new job within the next month,No
1186,489,main_study,Yes,Yes,1,Varied,4,4,2,0,0,0,0,64,Female,White,United States,Unemployed (and job seeking),No
1187,409,main_study,Yes,Not sure,0,Varied,3,4,3,1,0,0,0,25,Female,Black,United States,Unemployed (and job seeking),No
1188,237,main_study,Yes,Yes,1,Not sure,2,3,2,1,0,0,1,40,Male,White,United States,Part-Time,No
1189,138,main_study,Yes,Yes,1,Varied,2,3,3,1,0,0,0,24,Female,White,United States,Part-Time,Yes
1190,157,main_study,Yes,Yes,1,Varied,2,2,5,0,0,0,0,34,Male,White,United States,Full-Time,No
1191,203,main_study,Yes,Not sure,0,Varied,2,3,3,1,0,0,0,19,Female,White,United States,Part-Time,Yes
1192,218,main_study,Yes,Yes,1,Varied,3,4,1,1,0,0,0,30,Female,White,United States,Unemployed (and job seeking),No
1193,222,main_study,Yes,Yes,1,Varied,3,4,2,1,0,0,0,63,Female,White,United States,Unemployed (and job seeking),No
1194,101,main_study,Yes,Yes,1,Varied,2,1,5,-1,0,0,0,38,Female,White,United States,Full-Time,No
1195,236,main_study,Yes,Yes,1,Varied,4,4,2,0,0,0,0,50,Female,White,United States,Full-Time,No
1196,128,main_study,Yes,Yes,1,Varied,4,3,3,-1,0,0,0,22,Male,Asian,United States,Full-Time,Yes
1197,289,main_study,Yes,Yes,1,Varied,2,3,4,1,0,0,0,51,Female,White,United States,Other,Yes
1198,225,main_study,Yes,No,0,Varied,3,3,3,0,0,0,0,34,Male,White,United States,Full-Time,No
1199,285,main_study,Yes,Yes,1,Varied,1,2,2,1,0,0,0,23,Male,Other,United States,Unemployed (and job seeking),Yes
1200,321,main_study,Yes,Yes,1,Varied,4,4,1,0,0,0,0,53,Male,White,United States,Full-Time,No
1201,409,main_study,Yes,No,0,Varied,5,5,1,0,1,0,0,61,Male,White,United States,Part-Time,No
1202,261,main_study,Yes,Yes,1,Varied,2,4,2,2,0,0,0,33,Female,White,United States,Part-Time,Yes
1203,82,main_study,Yes,Yes,1,Varied,3,4,3,1,0,0,0,20,Male,Black,United States,Unemployed (and job seeking),Yes
1204,97,main_study,Yes,Yes,1,Varied,2,2,2,0,0,0,0,22,Female,Other,United States,Due to start a new job within the next month,No
1205,239,main_study,Yes,Yes,1,Varied,4,4,2,0,0,0,0,46,Female,White,United States,Full-Time,No
1206,687,main_study,Yes,No,0,Varied,3,3,2,0,0,0,0,31,Female,White,United States,Unemployed (and job seeking),No
1207,347,main_study,Yes,No,0,Varied,2,2,4,0,0,0,0,29,Female,Black,United States,Part-Time,No
1208,268,main_study,Yes,Yes,1,Varied,3,3,3,0,0,0,0,26,Female,Black,United States,Unemployed (and job seeking),No
1209,187,main_study,Yes,Yes,1,Varied,3,3,4,0,0,0,0,45,Male,White,United States,Full-Time,No
1210,393,main_study,Yes,Yes,1,Varied,4,4,2,0,0,0,0,35,Male,White,United States,Unemployed (and job seeking),No
1211,271,main_study,Yes,Not sure,0,Varied,4,4,2,0,0,0,0,51,Female,Other,United States,Other,No
1212,219,main_study,Yes,Yes,1,Varied,2,3,1,1,0,0,0,18,Female,White,United States,Unemployed (and job seeking),No
1213,349,main_study,Yes,Yes,1,Varied,4,4,2,0,0,0,0,24,Female,Asian,United States,Unemployed (and job seeking),Yes
1214,99,main_study,Yes,Not sure,0,Varied,4,4,2,0,0,0,0,30,Male,Asian,United States,Part-Time,No
1215,250,main_study,Yes,Not sure,0,Varied,4,4,2,0,0,0,0,36,Female,White,United States,Full-Time,No
1216,175,main_study,Yes,Yes,1,Varied,1,1,5,0,0,1,0,30,Male,White,United States,Full-Time,No
1217,654,main_study,Yes,Yes,1,Varied,3,4,2,1,0,0,0,25,Male,Prefer not to say,United States,Other,Yes
1218,242,main_study,Yes,Yes,1,Varied,3,4,1,1,0,0,0,22,Female,Mixed,United States,Due to start a new job within the next month,No
1219,484,main_study,Yes,Yes,1,Varied,4,4,2,0,0,0,0,47,Male,White,United States,Full-Time,No
1220,160,main_study,Yes,Yes,1,Varied,1,2,3,1,0,0,0,27,Female,White,United States,Other,Yes
1221,560,main_study,Yes,Not sure,0,Varied,3,3,3,0,0,0,0,26,Female,White,United States,Part-Time,Yes
1222,307,main_study,Yes,Not sure,0,Varied,3,5,1,2,0,0,0,24,Male,White,United States,Unemployed (and job seeking),No
1223,333,main_study,Yes,No,0,Varied,3,3,2,0,0,0,0,32,Female,Other,United States,Unemployed (and job seeking),No
1224,557,main_study,Yes,Yes,1,Varied,4,4,1,0,0,0,0,39,Male,Black,United States,Part-Time,No
1225,267,main_study,Yes,Yes,1,Varied,3,3,3,0,1,1,0,31,Female,White,United States,Full-Time,No
1226,180,main_study,Yes,Not sure,0,Varied,3,2,2,-1,0,0,0,50,Male,White,United States,Full-Time,No
1227,187,main_study,Yes,Yes,1,Varied,3,4,2,1,0,0,0,39,Female,White,United States,Full-Time,No
1228,232,main_study,Yes,No,0,Varied,3,2,4,-1,0,0,0,68,Female,White,United States,"Not in paid work (e.g. homemaker', 'retired or disabled)",No
1229,531,main_study,Yes,Yes,1,Varied,3,3,3,0,0,0,0,31,Female,White,United States,DATA_EXPIRED,DATA_EXPIRED
1230,324,main_study,Yes,Yes,1,Varied,4,4,2,0,0,0,0,34,Male,White,United States,Unemployed (and job seeking),No
1231,292,main_study,Yes,Not sure,0,Varied,2,2,3,0,0,0,0,19,Male,Other,United States,Unemployed (and job seeking),Yes
1232,314,main_study,Yes,No,0,Stayed the same,2,2,3,0,0,0,1,43,Male,White,United States,Unemployed (and job seeking),No
1233,677,main_study,Yes,Yes,1,Varied,3,4,2,1,0,0,0,37,Male,Asian,United States,Full-Time,Yes
1234,459,main_study,Yes,Yes,1,Varied,4,5,1,1,0,0,0,41,Female,Mixed,United States,Part-Time,Yes
1235,227,main_study,Yes,Yes,1,Varied,2,3,3,1,0,0,0,27,Male,White,United States,Full-Time,No
1236,231,main_study,Yes,No,0,Varied,3,4,2,1,0,0,0,30,Female,White,United States,Full-Time,No
1237,144,main_study,Yes,Yes,1,Varied,2,2,4,0,0,0,0,25,Male,White,United States,Full-Time,No
1238,188,main_study,Yes,Yes,1,Varied,4,4,2,0,0,0,0,43,Female,Prefer not to say,United States,Part-Time,No
1239,176,main_study,Yes,Yes,1,Varied,4,4,2,0,0,0,0,20,Male,White,United States,Part-Time,Yes
1240,569,main_study,Yes,Yes,1,Varied,2,2,3,0,0,0,0,26,Female,White,United States,Unemployed (and job seeking),No
1241,153,main_study,Yes,Not sure,0,Varied,2,3,1,1,0,0,0,36,Female,White,United States,Full-Time,No
1242,187,main_study,Yes,No,0,Varied,5,5,1,0,0,0,0,29,Female,White,United States,Full-Time,Yes
1243,226,main_study,Yes,Yes,1,Varied,3,4,3,1,0,0,0,40,Male,Mixed,United States,Full-Time,No
1244,679,main_study,Yes,No,0,Varied,2,2,4,0,0,0,0,37,Female,White,United States,Full-Time,Yes
1245,349,main_study,Yes,No,0,Varied,1,1,5,0,0,0,0,48,Female,Black,United States,"Not in paid work (e.g. homemaker', 'retired or disabled)",No
1246,768,main_study,Yes,Yes,1,Varied,2,4,1,2,0,0,0,43,Male,Mixed,United States,Part-Time,Yes
1247,355,main_study,Yes,Yes,1,Varied,3,3,2,0,0,0,0,23,Female,Mixed,United States,Unemployed (and job seeking),Yes
1248,201,main_study,Yes,Yes,1,Stayed the same,3,2,4,-1,0,0,1,19,Female,White,United States,Part-Time,No
1249,431,main_study,Yes,Yes,1,Varied,2,1,5,-1,0,0,0,33,Female,Black,United States,Full-Time,No
1250,328,main_study,Yes,Yes,1,Varied,4,4,2,0,0,0,0,31,Male,White,United States,"Not in paid work (e.g. homemaker', 'retired or disabled)",Yes
1251,285,main_study,Yes,Yes,1,Not sure,4,5,1,1,0,0,1,58,Female,White,United States,Other,No
1252,219,main_study,Yes,Yes,1,Varied,2,3,3,1,0,0,0,22,Male,White,United States,Unemployed (and job seeking),Yes
1253,291,main_study,Yes,Yes,1,Varied,2,3,2,1,0,0,0,31,Male,White,United States,Full-Time,No
1254,336,main_study,Yes,Yes,1,Varied,4,4,2,0,0,0,0,55,Female,White,United States,Full-Time,No
1255,573,main_study,Yes,Yes,1,Stayed the same,2,2,4,0,0,0,1,25,Female,Black,United States,Part-Time,No
1256,225,main_study,Yes,Yes,1,Varied,2,4,2,2,0,0,0,37,Female,Asian,United States,Full-Time,No
1257,308,main_study,Yes,No,0,Varied,2,4,2,2,0,0,0,27,Female,White,United States,Unemployed (and job seeking),Yes
1258,4377,main_study,Yes,Not sure,0,Varied,4,4,1,0,0,0,0,33,Male,White,United States,Full-Time,Yes
1259,153,main_study,Yes,Yes,1,Varied,3,3,3,0,0,0,0,20,Female,Black,United States,Unemployed (and job seeking),No
1260,185,main_study,Yes,No,0,Varied,4,4,2,0,1,0,0,39,Male,Black,United States,Unemployed (and job seeking),No
1261,369,main_study,Yes,Not sure,0,Not sure,4,3,2,-1,0,0,1,50,Female,Asian,United States,Unemployed (and job seeking),No
1262,174,main_study,Yes,Yes,1,Varied,2,3,2,1,0,0,0,41,Female,White,United States,Full-Time,Yes
1263,245,main_study,Yes,Not sure,0,Varied,1,1,4,0,1,0,0,33,Male,White,United States,Unemployed (and job seeking),No
1264,474,main_study,Yes,Yes,1,Varied,2,2,4,0,0,0,0,35,Female,Mixed,United States,Full-Time,No
1265,1004,main_study,Yes,Yes,1,Varied,5,5,1,0,0,0,0,53,Male,White,United States,Part-Time,No
1266,250,main_study,Yes,Yes,1,Varied,4,4,2,0,0,0,0,30,Female,Black,United States,Unemployed (and job seeking),No
1267,292,main_study,Yes,Yes,1,Varied,3,4,2,1,0,0,0,24,Female,White,United States,Unemployed (and job seeking),No
1268,431,main_study,Yes,Yes,1,Varied,3,4,2,1,0,0,0,52,Female,Mixed,United States,Other,No
1269,251,main_study,Yes,No,0,Varied,1,3,2,2,0,0,0,25,Female,White,United States,Part-Time,Yes
1270,266,main_study,Yes,Yes,1,Varied,3,4,2,1,0,0,0,35,Female,White,United States,DATA_EXPIRED,No
1271,330,main_study,Yes,Not sure,0,Varied,3,4,2,1,0,0,0,46,Female,White,United States,Part-Time,No
1272,184,main_study,Yes,No,0,Varied,3,4,2,1,0,0,0,27,Female,White,United States,"Not in paid work (e.g. homemaker', 'retired or disabled)",Yes
1273,978,main_study,Yes,Yes,1,Varied,2,4,2,2,0,0,0,49,Female,Asian,United States,Part-Time,No
1274,427,main_study,Yes,Yes,1,Varied,4,3,2,-1,0,0,0,48,Male,Black,United States,Due to start a new job within the next month,No
1275,250,main_study,Yes,Yes,1,Varied,2,4,2,2,0,0,0,33,Male,White,United States,Full-Time,No
1276,262,main_study,Yes,Yes,1,Varied,2,3,3,1,0,0,0,55,Female,White,United States,Full-Time,Yes
1277,170,main_study,Yes,Yes,1,Varied,2,3,2,1,0,0,0,56,Male,Mixed,United States,Full-Time,No
1278,267,main_study,Yes,Yes,1,Varied,1,1,5,0,0,0,0,46,Female,Black,United States,Other,No
1279,241,main_study,Yes,Yes,1,Varied,2,1,2,-1,0,0,0,29,Male,Black,United States,Unemployed (and job seeking),Yes
1280,680,main_study,Yes,Not sure,0,Varied,1,2,5,1,0,0,0,23,Female,Black,United States,Unemployed (and job seeking),No
1281,151,main_study,Yes,Yes,1,Varied,4,4,2,0,0,0,0,28,Female,White,United States,Full-Time,No
1282,530,main_study,Yes,Yes,1,Varied,4,4,2,0,0,0,0,39,Female,White,United States,"Not in paid work (e.g. homemaker', 'retired or disabled)",No
1283,639,main_study,Yes,No,0,Varied,4,4,1,0,0,0,0,67,Female,White,United States,Due to start a new job within the next month,No
1284,461,main_study,Yes,No,0,Varied,4,4,2,0,0,0,0,67,Female,White,United States,Full-Time,No
1285,274,main_study,Yes,No,0,Varied,4,4,1,0,0,0,0,49,Male,Prefer not to say,United States,Unemployed (and job seeking),No
1286,175,main_study,Yes,Yes,1,Varied,2,3,2,1,0,0,0,40,Female,White,United States,Full-Time,No
1287,208,main_study,Yes,No,0,Stayed the same,3,3,3,0,1,0,1,31,Male,Mixed,United States,Full-Time,No
1288,190,main_study,Yes,Yes,1,Varied,1,2,3,1,0,0,0,45,Male,Mixed,United States,Full-Time,Yes
1289,322,main_study,Yes,No,0,Varied,2,2,4,0,0,0,0,19,Male,White,United States,Unemployed (and job seeking),No
1290,218,main_study,Yes,Not sure,0,Varied,2,3,2,1,0,0,0,62,Male,White,United States,Unemployed (and job seeking),Yes
1291,735,main_study,Yes,Yes,1,Varied,2,2,3,0,0,0,0,20,Female,Black,United States,Unemployed (and job seeking),Yes
1292,158,main_study,Yes,Yes,1,Stayed the same,5,5,5,0,1,0,1,28,Male,Black,United States,Full-Time,No
1293,313,main_study,Yes,Yes,1,Varied,4,4,2,0,0,0,0,42,Female,White,United States,Full-Time,No
1294,528,main_study,Yes,Yes,1,Varied,4,3,2,-1,0,0,0,30,Male,White,United States,Full-Time,DATA_EXPIRED
1295,173,main_study,Yes,No,0,Varied,3,2,3,-1,0,0,0,30,Female,White,United States,Full-Time,No
1296,182,main_study,Yes,Not sure,0,Varied,2,2,3,0,0,0,0,23,Male,Asian,United States,Part-Time,Yes
1297,377,main_study,Yes,No,0,Varied,2,2,2,0,0,0,0,58,Female,White,United States,Full-Time,No
1298,280,main_study,Yes,Yes,1,Varied,3,4,2,1,0,0,0,44,Female,White,United States,Unemployed (and job seeking),No
1299,261,main_study,Yes,Yes,1,Varied,4,4,1,0,0,0,0,20,Male,Black,United States,Part-Time,Yes
1300,313,main_study,Yes,Yes,1,Varied,4,4,1,0,0,0,0,37,Female,Black,United States,Unemployed (and job seeking),No
1301,470,main_study,Yes,Yes,1,Varied,2,4,2,2,0,0,0,44,Male,White,United States,Part-Time,No
1302,194,main_study,Yes,No,0,Varied,3,2,2,-1,0,0,0,21,Male,White,United States,Unemployed (and job seeking),No
1303,405,main_study,Yes,Yes,1,Varied,2,4,2,2,0,0,0,18,Female,White,United States,Part-Time,No
1304,376,main_study,Yes,No,0,Varied,5,4,3,-1,0,0,0,23,Female,White,United States,Full-Time,No
1305,907,main_study,Yes,Yes,1,Varied,2,3,3,1,0,0,0,19,Female,Black,United States,Due to start a new job within the next month,Yes
1306,417,main_study,Yes,Yes,1,Varied,4,2,2,-2,0,0,0,51,Female,Black,United States,Unemployed (and job seeking),No
1307,203,main_study,Yes,Yes,1,Varied,3,4,2,1,0,0,0,44,Male,White,United States,"Not in paid work (e.g. homemaker', 'retired or disabled)",No
1308,253,main_study,Yes,Yes,1,Stayed the same,1,1,2,0,0,0,1,19,Female,Black,United States,Unemployed (and job seeking),Yes
1309,222,main_study,Yes,Yes,1,Varied,3,1,3,-2,0,0,0,27,Male,Asian,United States,Full-Time,No
1310,425,main_study,Yes,Not sure,0,Varied,2,4,2,2,0,0,0,64,Female,White,United States,Part-Time,No
1311,235,main_study,Yes,Yes,1,Varied,4,4,2,0,0,0,0,21,Female,Asian,United States,Unemployed (and job seeking),Yes
1312,336,main_study,Yes,No,0,Stayed the same,1,1,5,0,0,0,1,21,Female,Other,United States,Unemployed (and job seeking),Yes
1313,351,main_study,Yes,No,0,Varied,4,4,2,0,0,0,0,47,Female,Black,United States,Unemployed (and job seeking),Yes
1314,238,main_study,Yes,Yes,1,Varied,4,4,2,0,0,0,0,56,Female,Mixed,United States,Part-Time,No
1315,243,main_study,Yes,Yes,1,Varied,2,2,5,0,0,0,0,25,Male,White,United States,Unemployed (and job seeking),No
1316,149,main_study,Yes,Yes,1,Varied,1,3,3,2,0,0,0,26,Male,White,United States,Unemployed (and job seeking),No
1317,229,main_study,Yes,Yes,1,Varied,5,5,1,0,0,0,0,32,Male,White,United States,Full-Time,Yes
1318,312,main_study,Yes,Yes,1,Varied,3,2,3,-1,0,0,0,24,Male,Asian,United States,Unemployed (and job seeking),No
1319,365,main_study,Yes,Not sure,0,Varied,2,2,2,0,0,0,0,73,Female,Black,United States,"Not in paid work (e.g. homemaker', 'retired or disabled)",No
1320,215,main_study,Yes,Yes,1,Varied,5,5,1,0,0,0,0,36,Male,White,United States,Full-Time,No
1321,355,main_study,Yes,Yes,1,Varied,4,3,3,-1,0,0,0,47,Male,White,United States,Full-Time,No
1322,1058,main_study,Yes,No,0,Varied,3,3,2,0,0,0,0,47,Female,White,United States,Full-Time,Yes
1323,539,main_study,Yes,No,0,Varied,3,4,2,1,0,0,0,44,Female,Mixed,United States,Other,No
1324,289,main_study,Yes,Yes,1,Varied,1,3,3,2,0,0,0,22,Female,Mixed,United States,Full-Time,Yes
1325,259,main_study,Yes,Yes,1,Varied,4,4,2,0,0,0,0,23,Female,White,United States,Full-Time,No
1326,188,main_study,Yes,Yes,1,Varied,4,4,2,0,0,0,0,24,Male,White,United States,Unemployed (and job seeking),Yes
1327,451,main_study,Yes,Yes,1,Varied,3,4,2,1,0,0,0,62,Male,White,United States,Unemployed (and job seeking),No
1328,377,main_study,Yes,Yes,1,Varied,4,4,1,0,0,0,0,50,Female,White,United States,Full-Time,No
1329,180,main_study,Yes,No,0,Varied,3,4,2,1,0,0,0,34,Male,White,United States,Unemployed (and job seeking),No
1330,244,main_study,Yes,Not sure,0,Varied,3,3,3,0,0,0,0,30,Female,White,United States,Full-Time,No
1331,200,main_study,Yes,Yes,1,Varied,4,4,2,0,0,0,0,65,Female,White,United States,Full-Time,No
1332,461,main_study,Yes,Yes,1,Varied,2,1,5,-1,0,0,0,24,Female,Black,United States,"Not in paid work (e.g. homemaker', 'retired or disabled)",No
1333,192,main_study,Yes,Yes,1,Varied,3,3,4,0,0,0,0,44,Female,Asian,United States,Full-Time,No
1334,232,main_study,Yes,Yes,1,Varied,2,3,2,1,0,0,0,34,Male,White,United States,Unemployed (and job seeking),No
1335,622,main_study,Yes,Yes,1,Varied,4,4,2,0,0,0,0,51,Female,Other,United States,Part-Time,No
1336,353,main_study,Yes,Yes,1,Varied,2,4,2,2,0,0,0,24,Male,White,United States,Part-Time,Yes
1337,212,main_study,Yes,No,0,Varied,4,4,2,0,0,0,0,25,Male,White,United States,Unemployed (and job seeking),No
1338,213,main_study,Yes,Yes,1,Varied,4,4,3,0,0,0,0,47,Female,White,United States,Part-Time,No
1339,445,main_study,Yes,Yes,1,Varied,4,4,2,0,0,0,0,62,Male,Mixed,United States,Full-Time,No
1340,200,main_study,Yes,Yes,1,Varied,2,3,2,1,0,0,0,28,Male,White,United States,Unemployed (and job seeking),No
1341,170,main_study,Yes,Yes,1,Varied,4,4,2,0,0,0,0,38,Female,White,United States,Full-Time,No
1342,205,main_study,Yes,Yes,1,Varied,2,4,2,2,0,0,0,53,Male,White,United States,DATA_EXPIRED,No
1343,334,main_study,Yes,Yes,1,Varied,3,3,2,0,0,0,0,55,Female,White,United States,"Not in paid work (e.g. homemaker', 'retired or disabled)",No
1344,299,main_study,Yes,Yes,1,Varied,4,5,1,1,0,0,0,32,Male,White,United States,Unemployed (and job seeking),No
1345,314,main_study,Yes,Yes,1,Varied,3,2,2,-1,0,0,0,53,Female,Asian,United States,Part-Time,No
1346,139,main_study,Yes,Yes,1,Varied,1,1,5,0,0,1,0,20,Male,White,United States,Unemployed (and job seeking),No
1347,1037,main_study,Yes,Yes,1,Varied,3,4,2,1,0,0,0,47,Female,Prefer not to say,United States,Part-Time,No
1348,190,main_study,Yes,Yes,1,Varied,3,4,2,1,0,0,0,22,Female,White,United States,Unemployed (and job seeking),Yes
1349,297,main_study,Yes,No,0,Varied,4,4,2,0,0,0,0,39,Male,Asian,United States,Full-Time,No
1350,427,main_study,Yes,Yes,1,Varied,3,4,2,1,0,0,0,34,Female,Black,United States,"Not in paid work (e.g. homemaker', 'retired or disabled)",No
1351,186,main_study,Yes,Yes,1,Not sure,2,4,2,2,0,0,1,22,Female,White,United States,Unemployed (and job seeking),Yes
1352,285,main_study,Yes,Yes,1,Varied,4,4,2,0,0,0,0,52,Female,Black,United States,"Not in paid work (e.g. homemaker', 'retired or disabled)",Yes
1353,225,main_study,Yes,Yes,1,Varied,4,5,1,1,0,0,0,31,Male,Asian,United States,Full-Time,No
1354,443,main_study,Yes,No,0,Varied,4,5,1,1,0,1,0,33,Female,Other,United States,Full-Time,No
1355,342,main_study,Yes,Yes,1,Stayed the same,2,3,3,1,0,0,1,53,Female,Black,United States,"Not in paid work (e.g. homemaker', 'retired or disabled)",No
1356,209,main_study,Yes,Yes,1,Varied,3,3,3,0,0,0,0,22,Female,Asian,United States,Unemployed (and job seeking),Yes
1357,330,main_study,Yes,No,0,Varied,4,4,2,0,0,0,0,27,Male,Asian,United States,Unemployed (and job seeking),No
1358,315,main_study,Yes,No,0,Varied,3,5,1,2,0,0,0,46,Female,Black,United States,Unemployed (and job seeking),No
1359,510,main_study,Yes,No,0,Varied,4,2,4,-2,0,0,0,40,Male,White,United States,Full-Time,No
1360,413,main_study,Yes,No,0,Varied,4,4,2,0,0,0,0,59,Female,White,United States,Full-Time,No
1361,147,main_study,Yes,No,0,Varied,2,3,3,1,0,0,0,35,Female,White,United States,Full-Time,No
1362,610,main_study,Yes,Yes,1,Varied,2,4,3,2,0,0,0,32,Male,Asian,United States,Unemployed (and job seeking),No
1363,237,main_study,Yes,Yes,1,Varied,1,1,4,0,0,0,0,33,Male,Mixed,United States,Full-Time,No
1364,197,main_study,Yes,Not sure,0,Stayed the same,3,2,3,-1,0,0,1,34,Male,Other,United States,Full-Time,No
1365,189,main_study,Yes,Yes,1,Varied,4,4,2,0,0,0,0,34,Male,White,United States,Part-Time,No
1366,473,main_study,Yes,No,0,Varied,2,3,2,1,0,0,0,60,Female,White,United States,Other,No
1367,261,main_study,Yes,Yes,1,Varied,3,3,3,0,0,0,0,20,Female,Asian,United States,Unemployed (and job seeking),Yes
1368,307,main_study,Yes,Yes,1,Varied,4,3,2,-1,0,0,0,48,Female,White,United States,Part-Time,No
1369,204,main_study,Yes,Yes,1,Varied,2,3,2,1,0,0,0,38,Female,White,United States,Full-Time,No
1370,291,main_study,Yes,Not sure,0,Varied,4,4,1,0,0,0,0,24,Male,White,United States,Unemployed (and job seeking),Yes
1371,394,main_study,Yes,Yes,1,Varied,3,4,2,1,0,0,0,37,Female,Black,United States,Unemployed (and job seeking),Yes
1372,156,main_study,Yes,Yes,1,Varied,3,4,2,1,0,0,0,22,Female,White,United States,Unemployed (and job seeking),Yes
1373,382,main_study,Yes,Yes,1,Varied,2,4,2,2,0,0,0,31,Female,White,United States,Part-Time,No
1374,866,main_study,Yes,Yes,1,Varied,4,4,2,0,0,0,0,36,Male,Asian,United States,Full-Time,Yes
1375,522,main_study,Yes,Yes,1,Varied,2,1,4,-1,0,0,0,45,Female,White,United States,Part-Time,No
1376,220,main_study,Yes,Yes,1,Varied,1,1,2,0,0,0,0,41,Female,Mixed,United States,Unemployed (and job seeking),No
1377,393,main_study,Yes,No,0,Varied,3,3,3,0,1,0,0,37,Female,White,United States,Full-Time,Yes
1378,668,main_study,Yes,Yes,1,Varied,3,4,1,1,0,0,0,57,Male,Black,United States,Other,No
1379,349,main_study,Yes,Not sure,0,Varied,2,3,3,1,0,0,0,37,Female,White,United States,Unemployed (and job seeking),No
1380,261,main_study,Yes,Yes,1,Varied,3,3,2,0,0,0,0,34,Female,White,United States,"Not in paid work (e.g. homemaker', 'retired or disabled)",No
1381,588,main_study,Yes,Yes,1,Varied,3,4,3,1,1,0,0,24,Female,White,United States,Unemployed (and job seeking),No
1382,177,main_study,Yes,Yes,1,Varied,3,3,2,0,0,0,0,21,Female,White,United States,Unemployed (and job seeking),Yes
1383,2779,main_study,Yes,No,0,Varied,1,1,5,0,0,0,0,31,Female,White,United States,Full-Time,No
1384,274,main_study,Yes,Yes,1,Not sure,2,3,3,1,0,0,1,42,Female,White,United States,Part-Time,Yes
1385,197,main_study,Yes,Yes,1,Varied,2,4,2,2,0,0,0,44,Male,White,United States,Unemployed (and job seeking),No
1386,293,main_study,Yes,Yes,1,Varied,4,4,2,0,0,0,0,36,Male,Asian,United States,Full-Time,Yes
1387,204,main_study,Yes,Yes,1,Varied,3,4,2,1,0,0,0,18,Male,White,United States,Unemployed (and job seeking),Yes
1388,486,main_study,Yes,Yes,1,Varied,3,4,1,1,0,0,0,38,Female,Asian,United States,Full-Time,No
1389,184,main_study,Yes,Yes,1,Varied,4,5,1,1,0,0,0,39,Male,White,United States,Unemployed (and job seeking),No
1390,201,main_study,Yes,Yes,1,Varied,3,4,2,1,0,0,0,27,Female,Asian,United States,Unemployed (and job seeking),No
1391,434,main_study,Yes,Yes,1,Varied,4,4,1,0,0,0,0,23,Male,Black,United States,Unemployed (and job seeking),Yes
1392,277,main_study,Yes,Yes,1,Varied,2,2,4,0,0,0,0,26,Female,Black,United States,Unemployed (and job seeking),No
1393,268,main_study,Yes,Yes,1,Varied,3,4,3,1,0,0,0,28,Male,Other,United States,Due to start a new job within the next month,No
1394,759,main_study,Yes,No,0,Varied,2,3,3,1,0,0,0,21,Female,Mixed,United States,Unemployed (and job seeking),Yes
1395,187,main_study,Yes,Yes,1,Varied,3,2,1,-1,0,0,0,39,Female,Black,United States,Part-Time,No
1396,152,main_study,Yes,No,0,Varied,1,2,3,1,0,0,0,23,Male,Asian,United States,Unemployed (and job seeking),Yes
1397,259,main_study,Yes,No,0,Varied,5,5,1,0,0,0,0,40,Male,White,United States,Full-Time,No
1398,380,main_study,Yes,Yes,1,Varied,3,4,2,1,0,0,0,41,Female,White,United States,Part-Time,No
1399,644,main_study,Yes,Yes,1,Varied,4,4,3,0,0,0,0,18,Female,Black,United States,Unemployed (and job seeking),No
1400,360,main_study,Yes,Yes,1,Varied,4,4,3,0,0,0,0,26,Female,Black,United States,Full-Time,No
1401,241,main_study,Yes,Yes,1,Varied,3,4,2,1,0,0,0,33,Female,Other,United States,Full-Time,No
1402,142,main_study,Yes,Yes,1,Varied,4,4,3,0,0,0,0,25,Male,White,United States,Full-Time,No
1403,285,main_study,Yes,Yes,1,Varied,4,5,1,1,0,0,0,64,Male,White,United States,Full-Time,No
1404,300,main_study,Yes,Yes,1,Varied,1,1,4,0,0,0,0,59,Female,White,United States,Full-Time,No
1405,452,main_study,Yes,No,0,Stayed the same,3,3,2,0,0,0,1,34,Female,White,United States,Full-Time,No
1406,304,main_study,Yes,Yes,1,Varied,4,3,2,-1,0,0,0,45,Male,White,United States,Full-Time,No
1407,450,main_study,Yes,Yes,1,Not sure,2,2,4,0,0,0,1,24,Female,White,United States,Unemployed (and job seeking),Yes
1408,212,main_study,Yes,Yes,1,Varied,2,3,3,1,0,0,0,48,Female,Mixed,United States,Unemployed (and job seeking),Yes
1409,373,main_study,Yes,Not sure,0,Varied,3,4,2,1,0,0,0,28,Female,Mixed,United States,Unemployed (and job seeking),No
1410,277,main_study,Yes,Not sure,0,Varied,2,2,3,0,0,0,0,28,Male,Asian,United States,Unemployed (and job seeking),Yes
1411,173,main_study,Yes,Yes,1,Varied,2,2,4,0,0,0,0,43,Female,White,United States,Unemployed (and job seeking),No
1412,524,main_study,Yes,Yes,1,Varied,2,4,2,2,0,0,0,38,Female,White,United States,Full-Time,No
1413,161,main_study,Yes,Yes,1,Varied,5,5,4,0,0,0,0,38,Female,White,United States,Full-Time,No
1414,465,main_study,Yes,Yes,1,Stayed the same,1,2,1,1,0,0,1,23,Female,Other,United States,Full-Time,Yes
1415,196,main_study,Yes,Yes,1,Varied,3,4,2,1,0,0,0,25,Male,White,United States,Unemployed (and job seeking),No
1416,123,main_study,Yes,Yes,1,Varied,3,3,2,0,0,0,0,34,Female,White,United States,Full-Time,Yes
1417,268,main_study,Yes,Yes,1,Varied,2,2,4,0,0,0,0,33,Female,White,United States,Full-Time,No
1418,323,main_study,Yes,Yes,1,Varied,2,4,1,2,0,0,0,41,Female,White,United States,Other,Yes
1419,555,main_study,Yes,Not sure,0,Varied,3,4,2,1,0,0,0,26,Female,Asian,United States,Part-Time,No
1420,282,main_study,Yes,Not sure,0,Varied,3,2,2,-1,0,0,0,41,Male,Asian,United States,Unemployed (and job seeking),No
1421,332,main_study,Yes,No,0,Not sure,3,2,3,-1,0,0,1,26,Female,Asian,United States,Part-Time,Yes
1422,301,main_study,Yes,No,0,Varied,2,2,3,0,0,0,0,39,Female,Asian,United States,Other,No
1423,1280,main_study,Yes,Yes,1,Varied,4,4,2,0,0,0,0,38,Male,White,United States,Full-Time,No
1424,359,main_study,Yes,Yes,1,Varied,2,4,2,2,0,0,0,48,Female,White,United States,Full-Time,No
1425,290,main_study,Yes,Yes,1,Varied,2,4,1,2,0,0,0,29,Female,White,United States,Part-Time,No
1426,394,main_study,Yes,Yes,1,Varied,1,1,5,0,0,0,0,38,Female,White,United States,Unemployed (and job seeking),No
1427,200,main_study,Yes,Yes,1,Varied,4,3,3,-1,0,0,0,43,Male,White,United States,Full-Time,No
1428,218,main_study,Yes,Not sure,0,Varied,3,2,4,-1,0,0,0,33,Female,White,United States,Other,No
1429,546,main_study,Yes,Yes,1,Stayed the same,4,3,4,-1,0,0,1,18,Male,Black,United States,Part-Time,No
1430,294,main_study,Yes,Yes,1,Varied,1,4,2,3,0,0,0,30,Male,White,United States,Unemployed (and job seeking),No
1431,387,main_study,Yes,No,0,Varied,1,1,5,0,0,0,0,45,Male,Black,United States,Unemployed (and job seeking),No
1432,587,main_study,Yes,Yes,1,Varied,1,2,4,1,0,0,0,32,Female,Asian,United States,Unemployed (and job seeking),No
1433,394,main_study,Yes,Yes,1,Varied,3,3,2,0,0,0,0,41,Female,White,United States,Part-Time,Yes
1434,135,main_study,Yes,Yes,1,Varied,4,4,2,0,0,0,0,18,Male,White,United States,Unemployed (and job seeking),No
1435,403,main_study,Yes,Yes,1,Stayed the same,4,4,4,0,0,0,1,39,Female,Mixed,United States,Full-Time,No
1436,574,main_study,Yes,Yes,1,Varied,4,4,2,0,0,0,0,40,Female,White,United States,Full-Time,Yes
1437,534,main_study,Yes,Yes,1,Varied,2,3,2,1,0,0,0,41,Male,White,United States,Full-Time,No
1438,224,main_study,Yes,Yes,1,Varied,4,5,1,1,0,0,0,21,Male,White,United States,Part-Time,Yes
1439,338,main_study,Yes,Yes,1,Varied,4,4,2,0,0,0,0,28,Male,Asian,United States,Full-Time,No
1440,338,main_study,Yes,Yes,1,Varied,4,4,2,0,0,0,0,20,Male,Black,United States,DATA_EXPIRED,No
1441,237,main_study,Yes,Yes,1,Varied,3,3,3,0,0,0,0,29,Female,White,United States,Unemployed (and job seeking),No
1442,209,main_study,Yes,Yes,1,Varied,2,1,3,-1,0,0,0,24,Male,White,United States,Unemployed (and job seeking),Yes
1443,173,main_study,Yes,Yes,1,Varied,4,5,1,1,1,0,0,41,Male,Asian,United States,Unemployed (and job seeking),No
1444,267,main_study,Yes,Not sure,0,Varied,4,4,2,0,0,0,0,44,Female,White,United States,"Not in paid work (e.g. homemaker', 'retired or disabled)",No
1445,257,main_study,Yes,Yes,1,Varied,1,3,5,2,1,0,0,53,Female,White,United States,Part-Time,No
1446,342,main_study,Yes,Yes,1,Varied,3,5,2,2,0,0,0,36,Female,White,United States,Other,No
1447,561,main_study,Yes,Yes,1,Varied,4,4,2,0,0,0,0,36,Male,White,United States,Unemployed (and job seeking),No
1448,349,main_study,Yes,Yes,1,Varied,4,4,2,0,0,0,0,37,Male,Mixed,United States,Full-Time,No
1449,209,main_study,Yes,Yes,1,Varied,1,1,5,0,0,0,0,33,Female,Mixed,United States,Full-Time,No
1450,538,main_study,Yes,Yes,1,Varied,3,5,1,2,0,0,0,61,Female,White,United States,Full-Time,No
1451,273,main_study,Yes,Yes,1,Varied,3,4,1,1,0,0,0,30,Female,Mixed,United States,Full-Time,Yes
1452,893,main_study,Yes,Yes,1,Varied,3,4,2,1,0,0,0,34,Male,White,United States,Part-Time,No
1453,445,main_study,Yes,Yes,1,Varied,4,4,2,0,0,0,0,33,Female,White,United States,Unemployed (and job seeking),No
1454,378,main_study,Yes,Yes,1,Varied,4,4,3,0,0,0,0,36,Male,Black,United States,Full-Time,No
1455,259,main_study,Yes,Not sure,0,Varied,2,3,2,1,0,0,0,34,Female,White,United States,Full-Time,No
1456,209,main_study,Yes,Yes,1,Varied,5,2,1,-3,0,1,0,29,Male,Black,United States,Part-Time,Yes
1457,731,main_study,Yes,Yes,1,Varied,3,3,2,0,0,0,0,41,Prefer not to say,Mixed,United States,Other,No
1458,257,main_study,Yes,Yes,1,Varied,3,3,2,0,0,0,0,31,Male,White,United States,Unemployed (and job seeking),No
1459,531,main_study,Yes,Yes,1,Varied,1,1,5,0,0,0,0,23,Female,White,United States,Full-Time,No
1460,140,main_study,Yes,Yes,1,Varied,1,2,4,1,0,0,0,27,Female,White,United States,Part-Time,No
1461,162,main_study,Yes,Yes,1,Varied,4,4,1,0,0,0,0,21,Female,Other,United States,Unemployed (and job seeking),Yes
1462,631,main_study,Yes,No,0,Varied,3,4,2,1,0,0,0,70,Female,White,United States,Other,No
1463,306,main_study,Yes,Yes,1,Varied,2,4,4,2,0,0,0,40,Female,White,United States,Part-Time,No
1464,157,main_study,Yes,Yes,1,Varied,2,3,3,1,0,0,0,26,Female,White,United States,Full-Time,No
1465,213,main_study,Yes,Yes,1,Varied,2,3,2,1,0,0,0,43,Male,White,United States,Unemployed (and job seeking),No
1466,389,main_study,Yes,Yes,1,Varied,2,2,5,0,0,0,0,20,Male,White,United States,Unemployed (and job seeking),Yes
1467,179,main_study,Yes,Yes,1,Varied,3,4,2,1,0,0,0,19,Male,White,United States,"Not in paid work (e.g. homemaker', 'retired or disabled)",Yes
1468,373,main_study,Yes,Yes,1,Varied,4,4,1,0,0,0,0,39,Female,White,United States,Part-Time,No
1469,203,main_study,Yes,Yes,1,Varied,1,1,5,0,0,0,0,27,Female,Asian,United States,Unemployed (and job seeking),No
1470,195,main_study,Yes,Yes,1,Varied,4,4,2,0,0,0,0,32,Female,Black,United States,Part-Time,No
1471,691,main_study,Yes,Yes,1,Varied,4,3,3,-1,0,0,0,47,Female,Black,United States,Unemployed (and job seeking),No
1472,569,main_study,Yes,Yes,1,Varied,3,4,3,1,0,0,0,39,Female,Asian,United States,Full-Time,No
1473,254,main_study,Yes,Yes,1,Varied,2,2,4,0,0,0,0,35,Female,White,United States,Full-Time,No
1474,185,main_study,Yes,Yes,1,Varied,3,3,2,0,0,0,0,29,Male,Asian,United States,Full-Time,No
1475,121,main_study,Yes,Not sure,0,Varied,2,4,2,2,0,0,0,37,Female,White,United States,Full-Time,Yes
1476,250,main_study,Yes,Yes,1,Varied,2,4,1,2,0,0,0,38,Female,Other,United States,Full-Time,No
1477,175,main_study,Yes,Not sure,0,Varied,4,2,3,-2,0,1,0,26,Female,Asian,United States,Full-Time,No
1478,187,main_study,Yes,Yes,1,Varied,2,3,1,1,0,0,0,20,Male,Other,United States,Part-Time,Yes
1479,138,main_study,Yes,Yes,1,Varied,3,3,3,0,0,0,0,42,Male,Asian,United States,Part-Time,No
1480,252,main_study,Yes,Yes,1,Varied,3,3,2,0,0,0,0,29,Male,White,United States,Full-Time,No
1481,295,main_study,Yes,Not sure,0,Varied,1,4,2,3,0,0,0,30,Female,White,United States,Part-Time,No
1482,371,main_study,Yes,Not sure,0,Varied,2,1,5,-1,0,0,0,38,Female,White,United States,Part-Time,No
1483,188,main_study,Yes,Not sure,0,Varied,4,3,4,-1,0,0,0,25,Female,White,United States,Unemployed (and job seeking),No
1484,174,main_study,Yes,Yes,1,Varied,1,4,2,3,1,0,0,23,Female,White,United States,Due to start a new job within the next month,Yes
1485,202,main_study,Yes,Yes,1,Varied,4,5,1,1,0,0,0,39,Female,White,United States,Unemployed (and job seeking),Yes
1486,382,main_study,Yes,Yes,1,Varied,4,3,2,-1,0,0,0,36,Male,White,United States,Full-Time,Yes
1487,144,main_study,Yes,No,0,Varied,4,4,2,0,0,0,0,29,Male,Asian,United States,Full-Time,No
1488,172,main_study,Yes,Yes,1,Varied,4,4,2,0,0,0,0,57,Male,White,United States,Full-Time,No
1489,363,main_study,Yes,Yes,1,Varied,2,3,3,1,0,0,0,38,Female,Black,United States,Unemployed (and job seeking),No
1490,216,main_study,Yes,Yes,1,Varied,2,2,4,0,0,0,0,24,Male,Asian,United States,Part-Time,No
1491,179,main_study,Yes,Not sure,0,Varied,2,3,3,1,0,0,0,18,Female,Mixed,United States,Unemployed (and job seeking),No
1492,210,main_study,Yes,Yes,1,Varied,1,2,4,1,0,0,0,37,Male,White,United States,Full-Time,No
1493,406,main_study,Yes,Yes,1,Stayed the same,4,2,3,-2,0,0,1,36,Male,White,United States,Unemployed (and job seeking),Yes
1494,375,main_study,Yes,Yes,1,Stayed the same,4,4,2,0,0,0,1,32,Female,White,United States,Unemployed (and job seeking),No
1495,550,main_study,Yes,Yes,1,Varied,4,4,2,0,0,0,0,29,Male,Black,United States,Full-Time,No
1496,557,main_study,Yes,Not sure,0,Varied,2,3,3,1,0,0,0,18,Female,White,United States,Unemployed (and job seeking),Yes
1497,193,main_study,Yes,Yes,1,Varied,4,3,3,-1,0,0,0,44,Male,White,United States,Full-Time,No
1498,198,main_study,Yes,Yes,1,Varied,3,3,2,0,0,0,0,56,Female,White,United States,Unemployed (and job seeking),No
1499,365,main_study,Yes,Yes,1,Varied,1,1,5,0,0,0,0,28,Male,Mixed,United States,Unemployed (and job seeking),No
1500,341,main_study,Yes,Yes,1,Varied,5,5,1,0,0,0,0,30,Female,White,United States,Unemployed (and job seeking),No
1501,444,main_study,Yes,No,0,Varied,4,4,2,0,0,0,0,35,Female,Black,United States,Full-Time,Yes
1502,379,main_study,Yes,No,0,Varied,2,3,3,1,0,0,0,50,Female,White,United States,Part-Time,No
1503,245,main_study,Yes,Yes,1,Varied,1,4,2,3,0,0,0,53,Male,White,United States,"Not in paid work (e.g. homemaker', 'retired or disabled)",Yes
1504,287,main_study,Yes,Yes,1,Varied,1,2,4,1,0,0,0,31,Female,White,United States,Part-Time,No
1505,272,main_study,Yes,Not sure,0,Varied,2,3,3,1,0,0,0,25,Female,White,United States,Unemployed (and job seeking),No
1506,359,main_study,Yes,Yes,1,Varied,2,2,3,0,0,0,0,47,Male,Asian,United States,Full-Time,No
1507,505,main_study,Yes,Yes,1,Varied,2,3,3,1,0,0,0,51,Female,Mixed,United States,Full-Time,No
1508,368,main_study,Yes,Not sure,0,Varied,2,3,3,1,0,0,0,63,Female,White,United States,Part-Time,No
1509,479,main_study,Yes,Yes,1,Varied,2,3,2,1,0,0,0,34,Female,White,United States,Full-Time,No
1510,192,main_study,Yes,Yes,1,Varied,4,4,2,0,0,0,0,19,Male,Black,United States,Unemployed (and job seeking),No
1511,307,main_study,Yes,Not sure,0,Varied,3,3,2,0,0,0,0,52,Male,White,United States,Part-Time,No
1512,318,main_study,Yes,Yes,1,Varied,2,4,2,2,0,0,0,42,Male,White,United States,Full-Time,No
1513,226,main_study,Yes,Yes,1,Varied,4,4,1,0,0,0,0,26,Male,Asian,United States,Full-Time,Yes
1514,276,main_study,Yes,Yes,1,Varied,3,4,2,1,0,0,0,43,Female,White,United States,Other,No
1515,195,main_study,Yes,Yes,1,Varied,3,4,2,1,0,0,0,31,Female,White,United States,Full-Time,No
1516,510,main_study,Yes,Yes,1,Varied,4,4,2,0,0,0,0,46,Female,White,United States,Full-Time,No
1517,211,main_study,Yes,Not sure,0,Varied,2,2,3,0,0,0,0,26,Male,White,United States,Unemployed (and job seeking),No
1518,352,main_study,Yes,Yes,1,Varied,4,4,2,0,0,0,0,34,Female,Black,United States,Unemployed (and job seeking),No
1519,378,main_study,Yes,Yes,1,Varied,1,4,1,3,0,0,0,39,Female,Black,United States,Unemployed (and job seeking),No
1520,326,main_study,Yes,Not sure,0,Varied,3,3,2,0,0,0,0,39,Male,White,United States,Unemployed (and job seeking),No
1521,483,main_study,Yes,Yes,1,Varied,2,2,4,0,0,0,0,35,Male,White,United States,Full-Time,No
1522,251,main_study,Yes,Yes,1,Varied,4,5,4,1,0,0,0,22,Male,White,United States,Full-Time,Yes
1523,534,main_study,Yes,Yes,1,Varied,2,1,4,-1,0,0,0,27,Female,White,United States,Other,Yes
1524,252,main_study,Yes,Yes,1,Varied,3,4,2,1,0,0,0,28,Male,White,United States,Full-Time,No
1525,203,main_study,Yes,Yes,1,Varied,4,2,5,-2,0,0,0,42,Female,White,United States,Unemployed (and job seeking),No
1526,261,main_study,Yes,Yes,1,Varied,1,1,5,0,0,0,0,26,Female,White,United States,DATA_EXPIRED,No
1527,249,main_study,Yes,Not sure,0,Varied,4,4,3,0,0,0,0,50,DATA_EXPIRED,DATA_EXPIRED,United States,Unemployed (and job seeking),No
1528,520,main_study,Yes,Yes,1,Not sure,3,4,2,1,0,0,1,28,Female,Asian,United States,Unemployed (and job seeking),No
1529,95,main_study,Yes,Yes,1,Stayed the same,3,3,3,0,0,0,1,42,Female,White,United States,Full-Time,No
1530,150,main_study,Yes,Yes,1,Varied,3,2,3,-1,0,0,0,25,Male,White,United States,Unemployed (and job seeking),No
1531,350,main_study,Yes,Yes,1,Varied,3,3,3,0,0,0,0,34,Male,White,United States,Full-Time,No
1532,163,main_study,Yes,Yes,1,Varied,3,3,3,0,0,0,0,44,Male,White,United States,Full-Time,DATA_EXPIRED
1533,229,main_study,Yes,Yes,1,Varied,3,3,3,0,0,0,0,46,Male,White,United States,Full-Time,No
1534,285,main_study,Yes,Yes,1,Varied,1,1,3,0,1,0,0,25,Female,Asian,United States,Unemployed (and job seeking),No
1535,377,main_study,Yes,Yes,1,Varied,4,4,2,0,0,0,0,45,Male,White,United States,Full-Time,No
1536,135,main_study,Yes,Yes,1,Stayed the same,4,4,1,0,0,0,1,32,Male,White,United States,Full-Time,No
1537,196,main_study,Yes,Not sure,0,Varied,3,3,3,0,0,0,0,59,Male,White,United States,Unemployed (and job seeking),No
1538,190,main_study,Yes,Yes,1,Varied,4,4,2,0,0,0,0,41,Male,White,United States,Full-Time,Yes
1539,141,main_study,Yes,No,0,Varied,4,4,3,0,0,0,0,29,Female,Asian,United States,Part-Time,Yes
1540,115,main_study,Yes,Yes,1,Varied,1,1,5,0,1,0,0,32,Female,White,United States,Unemployed (and job seeking),No
1541,509,main_study,Yes,Not sure,0,Varied,3,3,2,0,0,0,0,37,Male,Black,United States,Due to start a new job within the next month,No
1542,341,main_study,Yes,Yes,1,Varied,4,4,2,0,0,0,0,51,Male,White,United States,Full-Time,No
1543,149,main_study,Yes,Yes,1,Varied,3,3,3,0,0,0,0,43,Male,White,United States,Full-Time,Yes
1544,202,main_study,Yes,Not sure,0,Varied,3,3,1,0,0,0,0,32,Female,Asian,United States,Full-Time,Yes
1545,465,main_study,Yes,Yes,1,Varied,3,3,2,0,0,0,0,29,Female,Asian,United States,Part-Time,No
1546,169,main_study,Yes,Yes,1,Varied,4,4,2,0,0,0,0,48,Female,White,United States,Full-Time,No
1547,652,main_study,Yes,Yes,1,Varied,4,4,2,0,0,0,0,27,Male,White,United States,Part-Time,No
1548,314,main_study,Yes,Yes,1,Varied,3,3,3,0,1,0,0,31,Female,White,United States,Unemployed (and job seeking),No
1549,201,main_study,Yes,Yes,1,Varied,4,4,1,0,0,0,0,41,Male,White,United States,Full-Time,No
1550,239,main_study,Yes,Not sure,0,Varied,4,4,4,0,0,0,0,44,Female,White,United States,"Not in paid work (e.g. homemaker', 'retired or disabled)",Yes
1551,351,main_study,Yes,Not sure,0,Varied,3,4,2,1,0,0,0,47,Female,Black,United States,Other,No
1552,292,main_study,Yes,Yes,1,Varied,3,4,1,1,0,0,0,22,Female,Black,United States,Full-Time,Yes
1553,430,main_study,Yes,Yes,1,Varied,3,4,3,1,0,0,0,45,Male,White,United States,Full-Time,Yes
1554,492,main_study,Yes,Yes,1,Varied,1,1,4,0,0,0,0,23,Female,Asian,United States,Part-Time,Yes
1555,521,main_study,Yes,Not sure,0,Not sure,4,3,2,-1,0,0,1,44,Male,Other,United States,Unemployed (and job seeking),No
1556,609,main_study,Yes,Yes,1,Varied,4,4,1,0,0,0,0,57,Female,White,United States,Other,No
1557,467,main_study,Yes,Not sure,0,Varied,1,3,3,2,0,0,0,19,Female,White,United States,Unemployed (and job seeking),No
1558,322,main_study,Yes,Not sure,0,Varied,2,3,2,1,0,0,0,18,Female,Mixed,United States,Unemployed (and job seeking),Yes
1559,250,main_study,Yes,Not sure,0,Varied,2,3,3,1,0,0,0,25,Male,White,United States,Unemployed (and job seeking),Yes
1560,142,main_study,Yes,Yes,1,Varied,2,3,2,1,0,0,0,22,Female,White,United States,Part-Time,No
1561,175,main_study,Yes,Yes,1,Varied,4,4,2,0,0,0,0,35,Male,Asian,United States,Full-Time,No
1562,186,main_study,Yes,Yes,1,Not sure,3,3,2,0,0,0,1,45,Female,White,United States,Unemployed (and job seeking),Yes
1563,261,main_study,Yes,Yes,1,Varied,4,3,2,-1,0,0,0,33,Female,Mixed,United States,Full-Time,No
1564,168,main_study,Yes,Yes,1,Varied,3,5,1,2,0,0,0,32,Male,White,United States,Part-Time,No
1565,139,main_study,Yes,Yes,1,Stayed the same,2,4,1,2,0,1,1,32,Male,Black,United States,Part-Time,No
1566,287,main_study,Yes,Yes,1,Varied,2,3,2,1,0,0,0,36,Male,White,United States,Full-Time,No
1567,471,main_study,Yes,Yes,1,Varied,3,4,3,1,0,0,0,31,Male,White,United States,Full-Time,No
1568,246,main_study,Yes,No,0,Varied,4,4,1,0,0,0,0,54,Female,White,United States,Part-Time,Yes
1569,313,main_study,Yes,Yes,1,Varied,4,4,2,0,0,0,0,28,Male,White,United States,Full-Time,No
1570,349,main_study,Yes,Yes,1,Varied,2,4,2,2,1,0,0,40,Female,White,United States,Part-Time,No
1571,422,main_study,Yes,Yes,1,Varied,1,1,5,0,0,0,0,31,Male,Black,United States,Other,No
1572,183,main_study,Yes,Yes,1,Varied,3,3,2,0,0,0,0,34,Male,White,United States,Full-Time,Yes
1573,348,main_study,Yes,Yes,1,Varied,2,4,1,2,1,0,0,37,Female,White,United States,Full-Time,Yes
1574,251,main_study,Yes,No,0,Varied,4,3,3,-1,0,0,0,43,Female,White,United States,Full-Time,No
1575,407,main_study,Yes,Yes,1,Varied,3,4,1,1,0,0,0,36,Male,White,United States,Full-Time,No
1576,163,main_study,Yes,Yes,1,Varied,2,4,2,2,0,0,0,39,Male,White,United States,Full-Time,Yes
1577,388,main_study,Yes,Yes,1,Varied,4,4,2,0,1,1,0,38,Female,White,United States,Unemployed (and job seeking),Yes
1578,298,main_study,Yes,Yes,1,Varied,3,4,2,1,0,0,0,32,Female,Black,United States,Unemployed (and job seeking),No
1579,144,main_study,Yes,Yes,1,Varied,3,3,2,0,0,0,0,36,Male,Black,United States,Full-Time,Yes
1580,272,main_study,Yes,Yes,1,Varied,5,5,1,0,0,0,0,63,Male,White,United States,Part-Time,No
1581,389,main_study,Yes,Yes,1,Varied,2,4,3,2,0,0,0,27,Male,Black,United States,Full-Time,No
1582,216,main_study,Yes,Yes,1,Varied,4,3,2,-1,0,0,0,45,Male,White,United States,Full-Time,No
1583,527,main_study,Yes,Yes,1,Not sure,4,4,1,0,1,0,1,56,Female,White,United States,Unemployed (and job seeking),No
1584,766,main_study,Yes,No,0,Varied,3,3,2,0,0,0,0,49,Male,White,United States,Full-Time,No
1585,203,main_study,Yes,Not sure,0,Varied,4,4,2,0,0,0,0,35,Male,Black,United States,Unemployed (and job seeking),No
1586,513,main_study,Yes,No,0,Varied,2,3,2,1,0,0,0,18,Female,Black,United States,Unemployed (and job seeking),Yes
1587,180,main_study,Yes,No,0,Varied,3,4,2,1,0,0,0,23,Female,Other,United States,Other,Yes
1588,535,main_study,Yes,Yes,1,Varied,3,3,2,0,0,0,0,33,Female,Asian,United States,Full-Time,No
1589,221,main_study,Yes,Not sure,0,Varied,4,4,2,0,0,0,0,48,Male,White,United States,Part-Time,Yes
1590,346,main_study,Yes,Not sure,0,Varied,3,3,3,0,0,0,0,35,Male,White,United States,Due to start a new job within the next month,No
1591,310,main_study,Yes,Yes,1,Varied,2,2,4,0,0,0,0,49,Female,White,United States,Full-Time,No
1592,225,main_study,Yes,No,0,Varied,4,4,3,0,0,0,0,39,Female,White,United States,Part-Time,No
1593,527,main_study,Yes,Yes,1,Varied,4,4,3,0,0,0,0,39,Female,White,United States,Unemployed (and job seeking),Yes
1594,230,main_study,Yes,Yes,1,Varied,1,3,3,2,0,0,0,26,Female,Black,United States,Unemployed (and job seeking),No
1595,235,main_study,Yes,Yes,1,Varied,2,3,3,1,0,0,0,51,Female,White,United States,Part-Time,No
1596,475,main_study,Yes,No,0,Varied,4,5,1,1,0,0,0,50,Male,Black,United States,DATA_EXPIRED,No
1597,239,main_study,Yes,Yes,1,Varied,4,4,2,0,0,0,0,43,Male,White,United States,Part-Time,No
1598,1149,main_study,Yes,Yes,1,Varied,3,4,1,1,0,0,0,54,Female,Asian,United States,Other,No
1599,861,main_study,Yes,Yes,1,Varied,5,5,1,0,0,0,0,41,Male,Black,United States,Full-Time,No
1600,319,main_study,Yes,Yes,1,Varied,4,4,2,0,0,0,0,40,Male,Black,United States,Part-Time,Yes
1601,182,main_study,Yes,Yes,1,Stayed the same,3,2,5,-1,0,0,1,41,Female,Black,United States,Full-Time,No
1602,688,main_study,Yes,No,0,Varied,4,4,1,0,0,0,0,36,Female,White,United States,Part-Time,No
1603,266,main_study,Yes,Not sure,0,Varied,1,4,2,3,0,0,0,26,Male,White,United States,"Not in paid work (e.g. homemaker', 'retired or disabled)",Yes
1604,484,main_study,Yes,Not sure,0,Varied,4,4,2,0,1,0,0,56,Female,Mixed,United States,Unemployed (and job seeking),Yes
1605,78,main_study,Yes,Not sure,0,Varied,2,1,3,-1,0,0,0,27,Male,Other,United States,Full-Time,Yes
1606,432,main_study,Yes,Not sure,0,Varied,4,4,1,0,0,0,0,61,Female,White,United States,Part-Time,No
1607,431,main_study,Yes,Yes,1,Varied,4,4,2,0,0,0,0,69,Female,Prefer not to say,United States,DATA_EXPIRED,No
1608,383,main_study,Yes,Yes,1,Not sure,3,4,1,1,0,0,1,51,Female,White,United States,Full-Time,Yes
1609,246,main_study,Yes,Yes,1,Stayed the same,2,2,3,0,0,0,1,51,Female,White,United States,Unemployed (and job seeking),No
1610,427,main_study,Yes,Yes,1,Varied,3,3,3,0,0,0,0,24,Male,Asian,United States,Part-Time,No
1611,185,main_study,Yes,Yes,1,Varied,2,4,3,2,0,0,0,38,Male,Other,United States,Full-Time,No
1612,255,main_study,Yes,Yes,1,Varied,2,3,2,1,0,0,0,26,Female,Black,United States,Full-Time,Yes
1613,195,main_study,Yes,Yes,1,Varied,2,4,2,2,0,0,0,36,Male,White,United States,Full-Time,No
1614,330,main_study,Yes,Yes,1,Varied,3,4,1,1,0,0,0,65,Male,White,United States,Unemployed (and job seeking),No
1615,200,main_study,Yes,Yes,1,Stayed the same,4,4,2,0,0,0,1,34,Female,White,United States,Part-Time,No
1616,289,main_study,Yes,Not sure,0,Varied,2,4,3,2,0,0,0,31,Male,Black,United States,"Not in paid work (e.g. homemaker', 'retired or disabled)",No
1617,298,main_study,Yes,Yes,1,Varied,4,4,1,0,0,0,0,61,Male,White,United States,Full-Time,No
1618,342,main_study,Yes,Yes,1,Varied,3,4,2,1,0,0,0,52,Female,Black,United States,"Not in paid work (e.g. homemaker', 'retired or disabled)",No
1619,152,main_study,Yes,Yes,1,Varied,4,4,2,0,0,0,0,26,Male,White,United States,Part-Time,Yes
1620,227,main_study,Yes,Yes,1,Varied,2,3,2,1,0,0,0,30,Male,White,United States,Full-Time,No
1621,167,main_study,Yes,Yes,1,Varied,3,3,3,0,0,0,0,48,Male,White,United States,Full-Time,No
1622,259,main_study,Yes,Yes,1,Stayed the same,2,2,2,0,0,0,1,38,Female,White,United States,Full-Time,Yes
1623,205,main_study,Yes,Yes,1,Varied,4,5,1,1,0,0,0,34,Male,White,United States,Full-Time,Yes
1624,333,main_study,Yes,Yes,1,Varied,1,2,3,1,0,0,0,29,Female,White,United States,Part-Time,No
1625,198,main_study,Yes,Yes,1,Varied,4,4,1,0,0,0,0,53,Female,White,United States,Full-Time,No
1626,189,main_study,Yes,Yes,1,Varied,3,3,2,0,0,0,0,32,Male,Other,United States,Full-Time,Yes
1627,443,main_study,Yes,Yes,1,Varied,1,1,1,0,0,0,0,43,Male,Black,United States,Full-Time,No
1628,350,main_study,Yes,Yes,1,Not sure,4,4,1,0,0,0,1,58,Male,White,United States,Unemployed (and job seeking),No
1629,781,main_study,Yes,Yes,1,Varied,2,3,2,1,0,0,0,38,Female,White,United States,Full-Time,No
1630,213,main_study,Yes,No,0,Varied,2,4,3,2,0,0,0,38,Male,White,United States,Unemployed (and job seeking),No
1631,251,main_study,Yes,Yes,1,Varied,2,4,1,2,0,0,0,21,Male,White,United States,Unemployed (and job seeking),Yes
1632,211,main_study,Yes,Yes,1,Varied,1,2,2,1,0,0,0,21,Male,White,United States,Full-Time,Yes
1633,207,main_study,Yes,Yes,1,Varied,4,4,1,0,0,0,0,37,Male,Mixed,United States,Unemployed (and job seeking),No
1634,312,main_study,Yes,Yes,1,Varied,4,3,2,-1,0,0,0,33,Male,Black,United States,Full-Time,Yes
1635,372,main_study,Yes,Yes,1,Varied,4,4,2,0,0,0,0,79,Male,White,United States,"Not in paid work (e.g. homemaker', 'retired or disabled)",No
1636,199,main_study,Yes,No,0,Varied,3,3,3,0,0,0,0,36,Male,White,United States,Unemployed (and job seeking),No
1637,173,main_study,Yes,Not sure,0,Varied,3,4,3,1,0,0,0,39,Male,Asian,United States,Unemployed (and job seeking),No
1638,363,main_study,Yes,Yes,1,Varied,4,4,2,0,0,0,0,53,Female,Black,United States,Unemployed (and job seeking),Yes
1639,312,main_study,Yes,Yes,1,Varied,3,4,2,1,0,0,0,31,Female,White,United States,Full-Time,No
1640,185,main_study,Yes,Yes,1,Varied,1,2,3,1,0,0,0,31,Female,White,United States,Unemployed (and job seeking),No
1641,217,main_study,Yes,Yes,1,Varied,3,4,2,1,0,0,0,31,Female,White,United States,Other,No
1642,284,main_study,Yes,No,0,Varied,3,2,4,-1,0,0,0,69,Female,White,United States,Full-Time,No
1643,785,main_study,Yes,No,0,Stayed the same,5,4,1,-1,0,0,1,42,Male,White,United States,Unemployed (and job seeking),No
1644,319,main_study,Yes,No,0,Varied,3,3,2,0,0,0,0,59,Female,White,United States,Unemployed (and job seeking),No
1645,542,main_study,Yes,Yes,1,Varied,3,2,1,-1,0,0,0,25,Male,White,United States,Full-Time,Yes
1646,877,main_study,Yes,Not sure,0,Varied,5,5,2,0,0,0,0,19,Female,Black,United States,Full-Time,No
1647,394,main_study,Yes,Yes,1,Varied,2,1,3,-1,0,1,0,19,Male,Black,United States,Part-Time,Yes
1648,144,main_study,Yes,Yes,1,Varied,2,3,2,1,0,0,0,22,Male,Asian,United States,Unemployed (and job seeking),Yes
1649,199,main_study,Yes,Yes,1,Varied,3,3,2,0,0,0,0,20,Female,White,United States,Unemployed (and job seeking),Yes
1650,726,main_study,Yes,Yes,1,Varied,2,4,3,2,0,0,0,34,Female,White,United States,Other,No
1651,714,main_study,Yes,Yes,1,Varied,4,5,1,1,0,0,0,56,Male,White,United States,Unemployed (and job seeking),No
1652,452,main_study,Yes,Yes,1,Varied,3,3,2,0,0,0,0,46,Female,White,United States,Part-Time,No
1653,341,main_study,Yes,Yes,1,Varied,2,4,2,2,0,0,0,49,Female,White,United States,"Not in paid work (e.g. homemaker', 'retired or disabled)",No
1654,522,main_study,Yes,Yes,1,Stayed the same,4,5,1,1,0,0,1,47,Female,White,United States,Other,No
1655,648,main_study,Yes,Not sure,0,Not sure,3,4,2,1,0,0,1,45,Female,White,United States,Full-Time,No
1656,185,main_study,Yes,Yes,1,Varied,2,2,4,0,0,0,0,30,Male,Prefer not to say,United States,Unemployed (and job seeking),No
1657,166,main_study,Yes,Yes,1,Varied,1,1,5,0,0,0,0,25,Prefer not to say,White,United States,Unemployed (and job seeking),Yes
1658,281,main_study,Yes,Yes,1,Varied,4,4,2,0,0,0,0,60,Male,White,United States,Unemployed (and job seeking),No
1659,473,main_study,Yes,Yes,1,Varied,4,4,2,0,0,0,0,32,Female,White,United States,Full-Time,No
1660,218,main_study,Yes,Yes,1,Varied,1,1,4,0,0,0,0,36,Female,White,United States,Unemployed (and job seeking),No
1661,390,main_study,Yes,Yes,1,Varied,4,4,2,0,0,1,0,53,Female,White,United States,Full-Time,No
1662,241,main_study,Yes,Yes,1,Varied,4,4,2,0,0,0,0,45,Male,White,United States,Full-Time,No
1663,705,main_study,Yes,Not sure,0,Varied,4,4,2,0,0,0,0,39,Female,Other,United States,Other,No
1664,171,main_study,Yes,No,0,Varied,1,1,5,0,1,0,0,40,Male,White,United States,Part-Time,No
1665,517,main_study,Yes,Yes,1,Varied,3,3,2,0,0,0,0,42,Female,Black,United States,Unemployed (and job seeking),No
1666,399,main_study,Yes,Not sure,0,Varied,3,3,3,0,0,0,0,43,Female,White,United States,Full-Time,No
1667,328,main_study,Yes,Yes,1,Varied,4,5,1,1,0,0,0,37,Female,Other,United States,Full-Time,Yes
1668,601,main_study,Yes,Yes,1,Varied,1,2,3,1,0,0,0,26,Female,Black,United States,Unemployed (and job seeking),No
1669,498,main_study,Yes,No,0,Varied,3,3,2,0,0,0,0,48,Male,White,United States,Unemployed (and job seeking),No
1670,262,main_study,Yes,No,0,Varied,4,4,2,0,0,0,0,23,Female,White,United States,Part-Time,Yes
1671,145,main_study,Yes,Yes,1,Varied,2,3,3,1,0,0,0,19,Female,White,United States,Unemployed (and job seeking),Yes
1672,427,main_study,Yes,Yes,1,Varied,4,5,1,1,0,0,0,66,Female,White,United States,Unemployed (and job seeking),No
1673,212,main_study,Yes,Yes,1,Varied,1,1,4,0,0,0,0,29,Female,White,United States,Full-Time,No
1674,218,main_study,Yes,Yes,1,Varied,1,4,2,3,0,0,0,52,Female,Other,United States,Other,No
1675,282,main_study,Yes,No,0,Varied,4,2,3,-2,0,0,0,41,Male,White,United States,Full-Time,No
1676,95,main_study,Yes,Yes,1,Varied,2,4,2,2,0,0,0,35,Male,Mixed,United States,Full-Time,Yes
1677,268,main_study,Yes,Not sure,0,Varied,3,2,4,-1,0,0,0,38,Male,White,United States,Full-Time,No
1678,418,main_study,Yes,Yes,1,Varied,3,4,2,1,0,0,0,55,Female,White,United States,Due to start a new job within the next month,No
1679,402,main_study,Yes,Yes,1,Varied,3,4,2,1,0,0,0,55,Female,White,United States,Other,No
1680,432,main_study,Yes,Yes,1,Varied,5,5,1,0,0,0,0,34,Male,White,United States,Other,No
1681,456,main_study,Yes,No,0,Stayed the same,1,2,3,1,0,0,1,53,Female,Black,United States,Full-Time,No
1682,328,main_study,Yes,Not sure,0,Varied,2,3,3,1,0,0,0,39,Female,Other,United States,Unemployed (and job seeking),No
1683,1490,main_study,Yes,Not sure,0,Varied,3,4,2,1,0,0,0,20,Female,Black,United States,Part-Time,Yes
1684,432,main_study,Yes,Yes,1,Varied,4,4,2,0,0,0,0,34,Female,White,United States,Unemployed (and job seeking),No
1685,271,main_study,Yes,Yes,1,Varied,2,4,3,2,0,0,0,26,Female,White,United States,Part-Time,Yes
1686,310,main_study,Yes,Yes,1,Varied,1,4,2,3,0,0,0,38,Female,Black,United States,Unemployed (and job seeking),No
1687,252,main_study,Yes,No,0,Varied,4,5,2,1,0,0,0,25,Female,White,United States,Unemployed (and job seeking),No
1688,218,main_study,Yes,Not sure,0,Varied,1,1,5,0,0,0,0,47,Male,White,United States,Full-Time,No
1689,538,main_study,Yes,Yes,1,Varied,4,3,3,-1,0,0,0,58,Male,White,United States,Part-Time,No
1690,388,main_study,Yes,Yes,1,Varied,5,5,1,0,0,0,0,50,Female,White,United States,Other,Yes
1691,291,main_study,Yes,Yes,1,Varied,2,3,2,1,0,0,0,22,Female,White,United States,Unemployed (and job seeking),No
1692,341,main_study,Yes,Yes,1,Varied,1,2,4,1,0,0,0,41,Female,White,United States,Full-Time,No
1693,252,main_study,Yes,Yes,1,Varied,2,2,5,0,0,0,0,25,Female,White,United States,Part-Time,No
1694,565,main_study,Yes,Yes,1,Varied,4,3,3,-1,0,0,0,64,Female,White,United States,Part-Time,No
1695,270,main_study,Yes,Yes,1,Varied,3,3,2,0,0,0,0,31,Male,White,United States,Full-Time,No
1696,213,main_study,Yes,Not sure,0,Varied,4,4,2,0,0,0,0,62,Male,White,United States,Full-Time,No
1697,212,main_study,Yes,Yes,1,Varied,3,3,2,0,0,0,0,37,Male,White,United States,Due to start a new job within the next month,No
1698,316,main_study,Yes,Not sure,0,Varied,3,2,3,-1,0,0,0,53,Female,Asian,United States,Unemployed (and job seeking),No
1699,252,main_study,Yes,Yes,1,Varied,2,2,3,0,0,0,0,27,Female,White,United States,"Not in paid work (e.g. homemaker', 'retired or disabled)",No
1700,324,main_study,Yes,No,0,Stayed the same,2,3,4,1,1,0,1,33,Female,Asian,United States,Part-Time,No
1701,469,main_study,Yes,No,0,Varied,3,3,2,0,0,0,0,42,Female,Asian,United States,Part-Time,No
1702,238,main_study,Yes,No,0,Stayed the same,4,5,1,1,0,0,1,34,Male,White,United States,Full-Time,No
1703,325,main_study,Yes,Not sure,0,Varied,4,4,2,0,0,0,0,57,Female,White,United States,Part-Time,No
1704,462,main_study,Yes,Yes,1,Varied,5,5,1,0,1,0,0,31,Male,Black,United States,Unemployed (and job seeking),No
1705,149,main_study,Yes,Yes,1,Varied,4,2,4,-2,0,0,0,18,Male,Other,United States,Unemployed (and job seeking),Yes
1706,240,main_study,Yes,Yes,1,Varied,2,2,4,0,0,0,0,20,Female,Black,United States,Unemployed (and job seeking),No
1707,281,main_study,Yes,Yes,1,Varied,4,4,1,0,0,0,0,43,Female,White,United States,Unemployed (and job seeking),No
1708,286,main_study,Yes,Yes,1,Varied,4,4,2,0,0,0,0,48,Female,Black,United States,Full-Time,No
1709,299,main_study,Yes,Yes,1,Varied,3,4,2,1,0,0,0,23,Male,Black,United States,Other,Yes
1710,333,main_study,Yes,Yes,1,Varied,1,2,4,1,0,0,0,19,Male,White,United States,Unemployed (and job seeking),No
1711,374,main_study,Yes,Yes,1,Varied,3,4,1,1,0,0,0,36,Female,Other,United States,Full-Time,No
1712,635,main_study,Yes,No,0,Varied,3,3,3,0,0,0,0,40,Female,Black,United States,Unemployed (and job seeking),No
1713,260,main_study,Yes,Yes,1,Varied,1,3,3,2,0,0,0,39,Female,White,United States,Unemployed (and job seeking),No
1714,317,main_study,Yes,Yes,1,Varied,2,4,2,2,0,0,0,36,Female,White,United States,Other,No
1715,334,main_study,Yes,Yes,1,Varied,4,5,1,1,0,0,0,54,Female,White,United States,Unemployed (and job seeking),No
1716,178,main_study,Yes,Yes,1,Varied,2,4,3,2,0,0,0,28,Female,White,United States,Full-Time,Yes
1717,351,main_study,Yes,Yes,1,Varied,4,4,3,0,0,0,0,23,Male,Asian,United States,Part-Time,Yes
1718,365,main_study,Yes,Yes,1,Varied,4,4,2,0,0,0,0,31,Female,Asian,United States,Unemployed (and job seeking),No
1719,421,main_study,Yes,Yes,1,Varied,3,4,2,1,0,0,0,45,Female,White,United States,Unemployed (and job seeking),No
1720,206,main_study,Yes,Yes,1,Varied,1,4,2,3,0,0,0,51,Female,Prefer not to say,United States,Unemployed (and job seeking),No
1721,246,main_study,Yes,Yes,1,Varied,2,4,2,2,0,0,0,31,Female,White,United States,Other,Yes
1722,321,main_study,Yes,Yes,1,Varied,4,4,2,0,0,0,0,64,Female,White,United States,Full-Time,No
1723,256,main_study,Yes,Yes,1,Varied,4,4,2,0,0,0,0,24,Female,White,United States,Part-Time,No
1724,161,main_study,Yes,No,0,Varied,1,3,3,2,1,0,0,34,Female,White,United States,Full-Time,No
1725,431,main_study,Yes,Yes,1,Varied,1,4,2,3,0,0,0,32,Female,Black,United States,Full-Time,No
1726,465,main_study,Yes,Not sure,0,Varied,4,4,1,0,0,0,0,40,Female,White,United States,Part-Time,No
1727,418,main_study,Yes,Yes,1,Varied,2,1,4,-1,0,0,0,45,Female,White,United States,Unemployed (and job seeking),No
1728,199,main_study,Yes,Yes,1,Varied,3,4,2,1,0,0,0,32,Female,Mixed,United States,Part-Time,No
1729,316,main_study,Yes,Yes,1,Varied,3,2,2,-1,0,0,0,27,Female,Asian,United States,Part-Time,Yes
1730,345,main_study,Yes,Yes,1,Varied,2,2,3,0,0,0,0,42,Female,Black,United States,Full-Time,No
1731,351,main_study,Yes,Yes,1,Varied,1,2,4,1,0,0,0,46,Male,White,United States,Unemployed (and job seeking),No
1732,350,main_study,Yes,Yes,1,Varied,4,2,1,-2,0,0,0,22,Male,Black,United States,Part-Time,No
1733,337,main_study,Yes,No,0,Stayed the same,2,3,4,1,0,0,1,41,Female,White,United States,Unemployed (and job seeking),No
1734,180,main_study,Yes,Yes,1,Varied,2,3,3,1,0,0,0,33,Female,Mixed,United States,Unemployed (and job seeking),No
1735,239,main_study,Yes,Yes,1,Varied,4,4,2,0,0,0,0,43,Male,White,United States,Unemployed (and job seeking),No
1736,682,main_study,Yes,No,0,Varied,4,4,2,0,0,0,0,28,Female,White,United States,Full-Time,No
1737,134,main_study,Yes,Yes,1,Varied,4,4,3,0,1,0,0,34,Female,White,United States,"Not in paid work (e.g. homemaker', 'retired or disabled)",No
1738,503,main_study,Yes,No,0,Varied,4,4,2,0,0,0,0,68,Female,White,United States,Other,No
1739,146,main_study,Yes,Yes,1,Varied,3,4,2,1,0,0,0,42,Male,White,United States,Full-Time,No
1740,180,main_study,Yes,Yes,1,Varied,2,2,5,0,0,0,0,26,Female,White,United States,Part-Time,No
1741,261,main_study,Yes,Yes,1,Varied,5,5,1,0,0,0,0,26,Male,White,United States,Full-Time,No
1742,339,main_study,Yes,Not sure,0,Varied,1,2,4,1,0,0,0,46,Male,Black,United States,Full-Time,No
1743,163,main_study,Yes,No,0,Varied,1,1,5,0,0,0,0,24,Female,White,United States,Unemployed (and job seeking),No
1744,471,main_study,Yes,Not sure,0,Varied,4,4,2,0,0,0,0,52,Female,Other,United States,Unemployed (and job seeking),Yes
1745,405,main_study,Yes,Yes,1,Varied,2,3,2,1,0,0,0,22,Female,Black,United States,Part-Time,Yes
1746,450,main_study,Yes,Yes,1,Varied,4,4,1,0,0,0,0,44,Female,White,United States,Unemployed (and job seeking),No
1747,227,main_study,Yes,Yes,1,Varied,3,3,3,0,0,0,0,48,Male,White,United States,Unemployed (and job seeking),No
1748,427,main_study,Yes,Yes,1,Varied,2,4,1,2,0,0,0,28,Female,White,United States,Full-Time,No
1749,260,main_study,Yes,Yes,1,Varied,2,2,3,0,0,0,0,35,Male,White,United States,Unemployed (and job seeking),No
1750,664,main_study,Yes,Not sure,0,Stayed the same,4,3,3,-1,0,0,1,56,Female,White,United States,Other,No
1751,370,main_study,Yes,Yes,1,Varied,4,4,2,0,0,0,0,25,Male,White,United States,Full-Time,No
1752,570,main_study,Yes,Not sure,0,Varied,2,3,3,1,0,0,0,48,Female,Other,United States,Unemployed (and job seeking),No
1753,110,main_study,Yes,Yes,1,Varied,2,1,5,-1,0,0,0,26,Female,Mixed,United States,Full-Time,Yes
1754,330,main_study,Yes,Yes,1,Varied,4,4,1,0,0,0,0,47,Female,White,United States,Full-Time,No
1755,357,main_study,Yes,Yes,1,Varied,1,2,4,1,0,0,0,45,Female,White,United States,Part-Time,No
1756,404,main_study,Yes,Yes,1,Varied,3,3,3,0,0,0,0,47,Female,White,United States,Part-Time,No
1757,1394,main_study,Yes,Yes,1,Varied,3,4,2,1,0,0,0,43,Female,Black,United States,Full-Time,Yes
1758,191,main_study,Yes,Yes,1,Varied,5,3,3,-2,0,0,0,33,Female,Mixed,United States,"Not in paid work (e.g. homemaker', 'retired or disabled)",Yes
1759,269,main_study,Yes,Yes,1,Varied,4,4,2,0,0,0,0,48,Female,White,United States,Due to start a new job within the next month,No
1760,241,main_study,Yes,Yes,1,Varied,4,3,2,-1,0,0,0,56,Female,White,United States,Full-Time,No
1761,299,main_study,Yes,Yes,1,Varied,1,1,5,0,0,0,0,24,Female,White,United States,Full-Time,No
1762,279,main_study,Yes,Yes,1,Varied,3,4,2,1,0,0,0,36,Female,White,United States,Unemployed (and job seeking),No
1763,196,main_study,Yes,Not sure,0,Varied,3,4,2,1,0,0,0,24,Female,Black,United States,Part-Time,Yes
1764,340,main_study,Yes,No,0,Varied,2,3,1,1,0,0,0,29,Female,White,United States,Part-Time,No
1765,365,main_study,Yes,No,0,Varied,1,1,5,0,0,0,0,37,Female,White,United States,Full-Time,No
1766,519,main_study,Yes,Yes,1,Varied,3,3,2,0,0,0,0,26,Female,Mixed,United States,Due to start a new job within the next month,Yes
1767,491,main_study,Yes,Yes,1,Varied,3,4,2,1,0,0,0,39,Female,White,United States,Part-Time,No
1768,175,main_study,Yes,No,0,Varied,3,4,3,1,0,0,0,27,Female,Black,United States,Full-Time,No
1769,174,main_study,Yes,No,0,Varied,3,4,2,1,0,0,0,51,Male,White,United States,Full-Time,No
1770,202,main_study,Yes,Not sure,0,Varied,3,2,3,-1,0,0,0,34,Female,Black,United States,Unemployed (and job seeking),No
1771,164,main_study,Yes,Yes,1,Varied,2,1,4,-1,0,0,0,22,Male,Black,United States,Unemployed (and job seeking),Yes
1772,252,main_study,Yes,Yes,1,Varied,3,4,2,1,0,0,0,33,Male,Asian,United States,Unemployed (and job seeking),Yes
1773,278,main_study,Yes,Not sure,0,Varied,4,4,2,0,0,0,0,47,Male,White,United States,Part-Time,No
1774,178,main_study,Yes,No,0,Varied,1,1,5,0,0,0,0,24,Male,Mixed,United States,Full-Time,No
1775,165,main_study,Yes,No,0,Varied,1,2,3,1,0,0,0,36,Female,White,United States,Unemployed (and job seeking),No
1776,326,main_study,Yes,Yes,1,Varied,4,4,1,0,0,0,0,29,Male,Asian,United States,Unemployed (and job seeking),No
1777,277,main_study,Yes,Not sure,0,Varied,2,4,3,2,0,0,0,33,Female,Black,United States,Unemployed (and job seeking),No
1778,172,main_study,Yes,Yes,1,Varied,4,4,1,0,0,0,0,26,Male,White,United States,Unemployed (and job seeking),No
1779,154,main_study,Yes,Yes,1,Stayed the same,3,3,3,0,0,0,1,20,Male,Black,United States,Unemployed (and job seeking),Yes
1780,161,main_study,Yes,Yes,1,Stayed the same,1,3,3,2,0,0,1,33,Male,White,United States,Full-Time,No
1781,266,main_study,Yes,Yes,1,Varied,4,4,2,0,0,0,0,29,Male,White,United States,Part-Time,No
1782,324,main_study,Yes,Not sure,0,Varied,4,4,2,0,0,0,0,49,Male,White,United States,Other,No
1783,563,main_study,Yes,Yes,1,Varied,4,4,2,0,0,0,0,39,Female,Black,United States,Part-Time,No
1784,238,main_study,Yes,Not sure,0,Varied,4,4,2,0,0,0,0,39,Male,Asian,United States,Full-Time,No
1785,345,main_study,Yes,Yes,1,Varied,1,1,4,0,1,0,0,63,Female,White,United States,Full-Time,No
1786,262,main_study,Yes,No,0,Varied,2,1,4,-1,0,0,0,39,Female,White,United States,"Not in paid work (e.g. homemaker', 'retired or disabled)",No
1787,330,main_study,Yes,Not sure,0,Varied,3,4,1,1,0,0,0,26,Female,Mixed,United States,Unemployed (and job seeking),No
1788,287,main_study,Yes,Yes,1,Varied,4,4,1,0,0,0,0,53,Male,White,United States,Full-Time,No
1789,300,main_study,Yes,Yes,1,Varied,4,4,2,0,0,0,0,55,Male,White,United States,Full-Time,No
1790,251,main_study,Yes,Not sure,0,Varied,4,4,2,0,0,0,0,32,Male,White,United States,Unemployed (and job seeking),No
1791,591,main_study,Yes,Yes,1,Varied,4,4,2,0,0,0,0,34,Female,White,United States,"Not in paid work (e.g. homemaker', 'retired or disabled)",No
1792,3788,main_study,Yes,Yes,1,Varied,2,3,2,1,0,0,0,31,Female,White,United States,Full-Time,No
1793,266,main_study,Yes,Not sure,0,Varied,3,4,2,1,0,0,0,65,Female,White,United States,Part-Time,No
1794,926,main_study,Yes,No,0,Varied,3,3,3,0,0,0,0,38,Female,Black,United States,Unemployed (and job seeking),No
1795,297,main_study,Yes,Yes,1,Varied,4,4,2,0,0,0,0,30,Male,Other,United States,Full-Time,No
1796,171,main_study,Yes,No,0,Varied,1,1,3,0,1,0,0,57,Female,Asian,United States,Full-Time,No
1797,226,main_study,Yes,Yes,1,Varied,2,2,4,0,0,0,0,24,Female,White,United States,Part-Time,Yes
1798,492,main_study,Yes,No,0,Varied,4,4,1,0,0,0,0,18,Male,White,United States,Unemployed (and job seeking),No
1799,326,main_study,Yes,Yes,1,Varied,2,2,5,0,0,0,0,18,Male,Black,United States,Part-Time,Yes
1800,496,main_study,Yes,No,0,Varied,3,4,2,1,0,0,0,45,Male,Black,United States,Full-Time,No
1801,563,main_study,Yes,No,0,Not sure,4,4,2,0,0,0,1,47,Female,Black,United States,Full-Time,No
1802,160,main_study,Yes,Yes,1,Varied,2,4,1,2,0,0,0,19,Male,White,United States,Unemployed (and job seeking),No
1803,476,main_study,Yes,Not sure,0,Varied,1,1,5,0,0,0,0,50,Female,White,United States,Unemployed (and job seeking),No
1804,229,main_study,Yes,Yes,1,Varied,4,4,2,0,0,0,0,25,Male,White,United States,Unemployed (and job seeking),DATA_EXPIRED
1805,204,main_study,Yes,Yes,1,Varied,1,3,3,2,0,0,0,22,Male,White,United States,Other,Yes
1806,196,main_study,Yes,Yes,1,Stayed the same,1,1,5,0,0,0,1,33,Male,White,United States,"Not in paid work (e.g. homemaker', 'retired or disabled)",No
1807,237,main_study,Yes,No,0,Varied,4,4,2,0,1,0,0,19,Female,White,United States,"Not in paid work (e.g. homemaker', 'retired or disabled)",No
1808,297,main_study,Yes,Yes,1,Varied,3,3,3,0,0,0,0,32,Female,Mixed,United States,Full-Time,Yes
1809,399,main_study,Yes,Not sure,0,Varied,4,4,2,0,0,0,0,49,Female,White,United States,Part-Time,No
1810,278,main_study,Yes,Yes,1,Varied,1,3,3,2,0,0,0,28,Female,Prefer not to say,United States,Unemployed (and job seeking),No
1811,281,main_study,Yes,Yes,1,Varied,4,5,1,1,0,0,0,60,Female,White,United States,Part-Time,No
1812,446,main_study,Yes,Yes,1,Varied,4,4,2,0,0,0,0,44,Male,White,United States,Unemployed (and job seeking),No
1813,172,main_study,Yes,Yes,1,Varied,2,2,2,0,0,0,0,20,Male,White,United States,Part-Time,Yes
1814,616,main_study,Yes,Yes,1,Varied,2,4,2,2,0,0,0,45,Female,Black,United States,Part-Time,No
1815,176,main_study,Yes,Not sure,0,Varied,3,2,5,-1,0,0,0,31,Female,White,United States,Full-Time,No
1816,164,main_study,Yes,Not sure,0,Varied,3,4,2,1,0,0,0,48,Male,White,United States,Unemployed (and job seeking),No
1817,298,main_study,Yes,Yes,1,Varied,2,2,3,0,0,0,0,43,Male,White,United States,Unemployed (and job seeking),No
1818,203,main_study,Yes,Not sure,0,Varied,4,4,2,0,0,0,0,48,Female,White,United States,Part-Time,No
1819,188,main_study,Yes,Yes,1,Varied,2,2,4,0,0,0,0,34,Female,Asian,United States,Unemployed (and job seeking),Yes
1820,139,main_study,Yes,Not sure,0,Varied,1,1,4,0,0,0,0,22,Prefer not to say,Mixed,United States,Unemployed (and job seeking),Yes
1821,320,main_study,Yes,Yes,1,Varied,2,3,3,1,0,0,0,53,Female,Black,United States,Unemployed (and job seeking),No
1822,311,main_study,Yes,Yes,1,Varied,3,3,3,0,0,0,0,22,Female,White,United States,Full-Time,No
1823,426,main_study,Yes,Yes,1,Varied,2,2,4,0,0,0,0,23,Female,White,United States,Full-Time,No
1824,283,main_study,Yes,Yes,1,Varied,3,2,2,-1,0,0,0,41,Male,Black,United States,Unemployed (and job seeking),No
1825,1124,main_study,Yes,Yes,1,Varied,2,3,3,1,0,0,0,44,Female,Asian,United States,Unemployed (and job seeking),No
1826,155,main_study,Yes,Yes,1,Varied,2,4,1,2,0,0,0,53,Male,White,United States,"Not in paid work (e.g. homemaker', 'retired or disabled)",No
1827,310,main_study,Yes,No,0,Varied,4,5,1,1,0,0,0,55,Male,White,United States,"Not in paid work (e.g. homemaker', 'retired or disabled)",No
1828,285,main_study,Yes,Yes,1,Varied,4,4,2,0,0,0,0,34,Female,Asian,United States,"Not in paid work (e.g. homemaker', 'retired or disabled)",No
1829,299,main_study,Yes,Yes,1,Varied,4,4,2,0,0,0,0,44,Female,White,United States,Full-Time,No
1830,440,main_study,Yes,Yes,1,Varied,5,5,1,0,0,0,0,51,Female,White,United States,Full-Time,No
1831,503,main_study,Yes,Not sure,0,Varied,3,2,4,-1,0,0,0,50,Male,White,United States,Unemployed (and job seeking),No
1832,134,main_study,Yes,Yes,1,Varied,2,2,4,0,0,0,0,34,Male,White,United States,Full-Time,No
1833,233,main_study,Yes,Yes,1,Varied,3,2,5,-1,0,0,0,48,Female,Black,United States,Full-Time,No
1834,258,main_study,Yes,Yes,1,Varied,2,4,2,2,0,0,0,47,Male,Mixed,United States,Part-Time,No
1835,333,main_study,Yes,Yes,1,Varied,2,2,4,0,0,0,0,28,Female,White,United States,Part-Time,Yes
1836,194,main_study,Yes,No,0,Varied,3,3,3,0,0,0,0,29,Female,Mixed,United States,Unemployed (and job seeking),Yes
1837,174,main_study,Yes,Yes,1,Varied,1,1,5,0,0,0,0,35,Female,White,United States,Full-Time,No
1838,157,main_study,Yes,Yes,1,Varied,4,4,2,0,0,0,0,61,Male,White,United States,Unemployed (and job seeking),No
1839,333,main_study,Yes,Yes,1,Varied,4,4,2,0,0,0,0,56,Male,White,United States,Full-Time,No
1840,204,main_study,Yes,Yes,1,Varied,4,4,3,0,0,0,0,35,Female,White,United States,Full-Time,No
1841,226,main_study,Yes,Not sure,0,Varied,3,4,2,1,0,0,0,23,Female,Black,United States,Part-Time,No
1842,315,main_study,Yes,Yes,1,Varied,4,2,4,-2,0,0,0,47,Female,Mixed,United States,Part-Time,No
1843,300,main_study,Yes,Yes,1,Varied,2,2,4,0,0,0,0,33,Female,Black,United States,Unemployed (and job seeking),Yes
1844,594,main_study,Yes,No,0,Not sure,3,2,4,-1,0,0,1,66,Female,White,United States,"Not in paid work (e.g. homemaker', 'retired or disabled)",No
1845,674,main_study,Yes,Not sure,0,Varied,3,4,2,1,0,0,0,37,Male,White,United States,Other,No
1846,137,main_study,Yes,Yes,1,Varied,1,1,5,0,1,0,0,24,Male,White,United States,Part-Time,No
1847,210,main_study,Yes,Yes,1,Varied,4,4,2,0,0,0,0,40,Male,Asian,United States,Full-Time,No
1848,864,main_study,Yes,Yes,1,Varied,1,1,4,0,0,0,0,24,Female,White,United States,Part-Time,Yes
1849,428,main_study,Yes,Yes,1,Varied,4,4,2,0,0,0,0,24,Female,Black,United States,Unemployed (and job seeking),Yes
1850,624,main_study,Yes,Yes,1,Varied,3,5,4,2,0,0,0,28,Male,Asian,United States,Unemployed (and job seeking),No
1851,214,main_study,Yes,Yes,1,Varied,5,5,5,0,0,0,0,37,Female,Asian,United States,Unemployed (and job seeking),No
1852,1018,main_study,Yes,No,0,Varied,4,4,2,0,0,0,0,24,Male,White,United States,Part-Time,No
1853,200,main_study,Yes,No,0,Varied,1,1,5,0,0,0,0,39,Male,White,United States,Unemployed (and job seeking),No
1854,258,main_study,Yes,Yes,1,Stayed the same,3,3,3,0,0,0,1,27,Female,Asian,United States,"Not in paid work (e.g. homemaker', 'retired or disabled)",No
1855,1239,main_study,Yes,Not sure,0,Varied,4,4,2,0,0,0,0,41,Female,Mixed,United States,Full-Time,No
1856,330,main_study,Yes,Not sure,0,Varied,4,4,2,0,0,0,0,56,Female,White,United States,Unemployed (and job seeking),No
1857,268,main_study,Yes,Yes,1,Varied,4,4,2,0,0,0,0,37,Male,White,United States,Part-Time,No
1858,315,main_study,Yes,Yes,1,Varied,2,4,2,2,0,0,0,59,Female,White,United States,Part-Time,No
1859,255,main_study,Yes,No,0,Varied,3,3,2,0,0,0,0,32,Female,White,United States,Unemployed (and job seeking),No
1860,251,main_study,Yes,Yes,1,Varied,3,4,2,1,0,0,0,19,Male,White,United States,"Not in paid work (e.g. homemaker', 'retired or disabled)",Yes
1861,579,main_study,Yes,Yes,1,Varied,2,1,2,-1,0,0,0,20,Female,Mixed,United States,Part-Time,Yes
1862,293,main_study,Yes,No,0,Varied,4,4,2,0,0,0,0,59,Male,White,United States,Unemployed (and job seeking),No
1863,554,main_study,Yes,Yes,1,Varied,3,4,2,1,0,0,0,35,Female,Mixed,United States,Unemployed (and job seeking),No
1864,230,main_study,Yes,No,0,Varied,3,3,2,0,0,0,0,40,Male,White,United States,Unemployed (and job seeking),No
1865,198,main_study,Yes,Yes,1,Varied,2,3,3,1,0,0,0,22,Female,Mixed,United States,Due to start a new job within the next month,Yes
1866,388,main_study,Yes,Yes,1,Varied,4,4,2,0,0,0,0,21,Male,White,United States,Unemployed (and job seeking),No
1867,197,main_study,Yes,Yes,1,Stayed the same,3,3,3,0,0,0,1,19,Female,Other,United States,Unemployed (and job seeking),Yes
1868,572,main_study,Yes,Yes,1,Varied,5,5,1,0,0,0,0,49,Female,Black,United States,Full-Time,No
1869,599,main_study,Yes,Not sure,0,Varied,3,4,2,1,0,0,0,35,Female,Mixed,United States,Unemployed (and job seeking),No
1870,363,main_study,Yes,Yes,1,Varied,1,4,2,3,0,0,0,26,Male,White,United States,Unemployed (and job seeking),No
1871,253,main_study,Yes,Yes,1,Varied,1,3,3,2,1,0,0,29,Female,Black,United States,Unemployed (and job seeking),No
1872,235,main_study,Yes,Yes,1,Varied,3,4,2,1,0,0,0,29,Male,Mixed,United States,Unemployed (and job seeking),No
1873,343,main_study,Yes,Yes,1,Varied,4,5,2,1,0,0,0,41,Female,White,United States,"Not in paid work (e.g. homemaker', 'retired or disabled)",Yes
1874,404,main_study,Yes,Yes,1,Varied,2,3,3,1,0,0,0,37,Male,Asian,United States,Other,No
1875,130,main_study,Yes,Yes,1,Not sure,3,4,3,1,0,0,1,38,Male,Other,United States,Full-Time,Yes
1876,356,main_study,Yes,No,0,Varied,4,4,2,0,0,0,0,34,Male,Mixed,United States,Full-Time,No
1877,335,main_study,Yes,No,0,Stayed the same,2,3,2,1,0,0,1,56,Female,White,United States,Unemployed (and job seeking),No
1878,814,main_study,Yes,Yes,1,Varied,2,2,5,0,0,0,0,24,Female,Black,United States,Full-Time,No
1879,216,main_study,Yes,Yes,1,Varied,4,4,2,0,0,0,0,42,Male,White,United States,Full-Time,No
1880,112,main_study,Yes,Yes,1,Varied,4,4,1,0,1,0,0,42,Male,Mixed,United States,Full-Time,Yes
1881,340,main_study,Yes,Yes,1,Varied,4,4,1,0,0,0,0,52,Female,White,United States,Unemployed (and job seeking),No
1882,522,main_study,Yes,Yes,1,Varied,4,3,3,-1,0,0,0,27,Female,White,United States,"Not in paid work (e.g. homemaker', 'retired or disabled)",No
1883,175,main_study,Yes,No,0,Varied,1,2,2,1,1,0,0,29,Female,White,United States,Full-Time,No
1884,281,main_study,Yes,Yes,1,Varied,4,4,1,0,0,0,0,48,Female,White,United States,Part-Time,No
1885,288,main_study,Yes,Not sure,0,Varied,5,5,1,0,0,0,0,39,Male,Mixed,United States,Full-Time,No
1886,755,main_study,Yes,Yes,1,Stayed the same,2,2,3,0,0,0,1,55,Female,Black,United States,Part-Time,No
1887,324,main_study,Yes,Yes,1,Varied,4,4,2,0,0,0,0,36,Female,Black,United States,Full-Time,No
1888,323,main_study,Yes,Yes,1,Varied,1,1,2,0,0,0,0,37,Female,White,United States,Part-Time,No
1889,201,main_study,Yes,Yes,1,Varied,3,4,2,1,0,0,0,23,Female,White,United States,Unemployed (and job seeking),No
1890,189,main_study,Yes,Yes,1,Varied,2,3,3,1,0,0,0,33,Male,Other,United States,Due to start a new job within the next month,No
1891,288,main_study,Yes,Yes,1,Varied,1,1,5,0,0,0,0,47,Female,Black,United States,Unemployed (and job seeking),No
1892,187,main_study,Yes,Yes,1,Varied,3,3,3,0,0,0,0,56,Male,White,United States,Full-Time,No
1893,352,main_study,Yes,Yes,1,Varied,3,2,2,-1,0,0,0,32,Male,White,United States,Unemployed (and job seeking),No
1894,239,main_study,Yes,No,0,Varied,4,4,2,0,0,0,0,22,Female,Asian,United States,Unemployed (and job seeking),Yes
1895,238,main_study,Yes,Yes,1,Varied,4,3,3,-1,0,0,0,27,Female,White,United States,Due to start a new job within the next month,Yes
1896,374,main_study,Yes,Yes,1,Varied,4,4,2,0,0,0,0,58,Female,Mixed,United States,Other,Yes
1897,599,main_study,Yes,Yes,1,Varied,4,4,2,0,0,0,0,34,Female,White,United States,Due to start a new job within the next month,No
1898,266,main_study,Yes,Not sure,0,Varied,4,4,2,0,0,0,0,51,Female,White,United States,Part-Time,No
1899,412,main_study,Yes,Yes,1,Varied,1,1,5,0,0,0,0,44,Female,Black,United States,Full-Time,Yes
1900,403,main_study,Yes,Yes,1,Varied,4,4,2,0,0,0,0,64,Male,White,United States,Part-Time,No
1901,253,main_study,Yes,Yes,1,Varied,2,2,4,0,0,0,0,44,Female,White,United States,Full-Time,No
1902,214,main_study,Yes,Yes,1,Varied,2,2,3,0,0,0,0,19,Male,White,United States,Other,Yes
1903,378,main_study,Yes,Yes,1,Varied,3,4,2,1,0,0,0,27,Male,White,United States,Unemployed (and job seeking),No
1904,157,main_study,Yes,Yes,1,Varied,2,4,2,2,0,0,0,38,Male,White,United States,Full-Time,No
1905,566,main_study,Yes,Yes,1,Varied,3,4,4,1,0,0,0,25,Male,Black,United States,Part-Time,No
1906,438,main_study,Yes,Yes,1,Varied,2,4,2,2,0,0,0,41,Female,Mixed,United States,Other,No
1907,212,main_study,Yes,Yes,1,Varied,4,4,1,0,0,0,0,23,Female,White,United States,Part-Time,No
1908,127,main_study,Yes,Yes,1,Varied,3,3,2,0,0,0,0,23,Female,Mixed,United States,Part-Time,Yes
1909,365,main_study,Yes,Yes,1,Varied,5,5,1,0,0,0,0,31,Female,White,United States,"Not in paid work (e.g. homemaker', 'retired or disabled)",No
1910,557,main_study,Yes,Yes,1,Varied,2,2,4,0,0,0,0,34,Female,White,United States,Part-Time,Yes
1911,600,main_study,Yes,Yes,1,Varied,2,2,3,0,0,0,0,18,Male,White,United States,Part-Time,No
1912,655,main_study,Yes,Not sure,0,Not sure,2,4,2,2,0,0,1,57,Female,Black,United States,Unemployed (and job seeking),Yes
1913,431,main_study,Yes,Yes,1,Varied,2,5,2,3,0,0,0,18,Male,White,United States,Part-Time,Yes
1914,404,main_study,Yes,Not sure,0,Varied,4,3,3,-1,0,0,0,25,Female,Other,United States,Part-Time,No
1915,96,main_study,Yes,Yes,1,Varied,3,3,2,0,0,1,0,21,Female,Black,United States,Other,Yes
1916,710,main_study,Yes,Yes,1,Varied,4,4,1,0,0,0,0,62,Female,Black,United States,Full-Time,No
1917,273,main_study,Yes,No,0,Varied,2,3,2,1,1,0,0,32,Female,White,United States,Part-Time,Yes
1918,170,main_study,Yes,No,0,Varied,3,3,3,0,0,0,0,40,Male,White,United States,Full-Time,DATA_EXPIRED
1919,1001,main_study,Yes,Yes,1,Varied,2,4,2,2,0,0,0,27,Male,Asian,United States,DATA_EXPIRED,DATA_EXPIRED
